行政區代碼,縣市,鄉鎮市區,統計年度,平均每戶消費支出_元,資料層級
09007010,連江縣,南竿鄉,2024,,縣市退回值
09007020,連江縣,北竿鄉,2024,,縣市退回值
09007030,連江縣,莒光鄉,2024,,縣市退回值
09007040,連江縣,東引鄉,2024,,縣市退回值
09020010,金門縣,金城鎮,2024,,縣市退回值
09020020,金門縣,金沙鎮,2024,,縣市退回值
09020030,金門縣,金湖鎮,2024,,縣市退回值
09020040,金門縣,金寧鄉,2024,,縣市退回值
09020050,金門縣,烈嶼鄉,2024,,縣市退回值
09020060,金門縣,烏坵鄉,2024,,縣市退回值
10002010,宜蘭縣,宜蘭市,2024,772616,縣市退回值
10002020,宜蘭縣,羅東鎮,2024,772616,縣市退回值
10002030,宜蘭縣,蘇澳鎮,2024,772616,縣市退回值
10002040,宜蘭縣,頭城鎮,2024,772616,縣市退回值
10002050,宜蘭縣,礁溪鄉,2024,772616,縣市退回值
10002060,宜蘭縣,壯圍鄉,2024,772616,縣市退回值
10002070,宜蘭縣,員山鄉,2024,772616,縣市退回值
10002080,宜蘭縣,冬山鄉,2024,772616,縣市退回值
10002090,宜蘭縣,五結鄉,2024,772616,縣市退回值
10002100,宜蘭縣,三星鄉,2024,772616,縣市退回值
10002110,宜蘭縣,大同鄉,2024,772616,縣市退回值
10002120,宜蘭縣,南澳鄉,2024,772616,縣市退回值
10004010,新竹縣,竹北市,2024,1130910,縣市退回值
10004020,新竹縣,竹東鎮,2024,1130910,縣市退回值
10004030,新竹縣,新埔鎮,2024,1130910,縣市退回值
10004040,新竹縣,關西鎮,2024,1130910,縣市退回值
10004050,新竹縣,湖口鄉,2024,1130910,縣市退回值
10004060,新竹縣,新豐鄉,2024,1130910,縣市退回值
10004070,新竹縣,芎林鄉,2024,1130910,縣市退回值
10004080,新竹縣,橫山鄉,2024,1130910,縣市退回值
10004090,新竹縣,北埔鄉,2024,1130910,縣市退回值
10004100,新竹縣,寶山鄉,2024,1130910,縣市退回值
10004110,新竹縣,峨眉鄉,2024,1130910,縣市退回值
10004120,新竹縣,尖石鄉,2024,1130910,縣市退回值
10004130,新竹縣,五峰鄉,2024,1130910,縣市退回值
10005010,苗栗縣,苗栗市,2024,790033,縣市退回值
10005020,苗栗縣,苑裡鎮,2024,790033,縣市退回值
10005030,苗栗縣,通霄鎮,2024,790033,縣市退回值
10005040,苗栗縣,竹南鎮,2024,790033,縣市退回值
10005050,苗栗縣,頭份市,2024,790033,縣市退回值
10005060,苗栗縣,後龍鎮,2024,790033,縣市退回值
10005070,苗栗縣,卓蘭鎮,2024,790033,縣市退回值
10005080,苗栗縣,大湖鄉,2024,790033,縣市退回值
10005090,苗栗縣,公館鄉,2024,790033,縣市退回值
10005100,苗栗縣,銅鑼鄉,2024,790033,縣市退回值
10005110,苗栗縣,南庄鄉,2024,790033,縣市退回值
10005120,苗栗縣,頭屋鄉,2024,790033,縣市退回值
10005130,苗栗縣,三義鄉,2024,790033,縣市退回值
10005140,苗栗縣,西湖鄉,2024,790033,縣市退回值
10005150,苗栗縣,造橋鄉,2024,790033,縣市退回值
10005160,苗栗縣,三灣鄉,2024,790033,縣市退回值
10005170,苗栗縣,獅潭鄉,2024,790033,縣市退回值
10005180,苗栗縣,泰安鄉,2024,790033,縣市退回值
10007010,彰化縣,彰化市,2024,680430,縣市退回值
10007020,彰化縣,鹿港鎮,2024,680430,縣市退回值
10007030,彰化縣,和美鎮,2024,680430,縣市退回值
10007040,彰化縣,線西鄉,2024,680430,縣市退回值
10007050,彰化縣,伸港鄉,2024,680430,縣市退回值
10007060,彰化縣,福興鄉,2024,680430,縣市退回值
10007070,彰化縣,秀水鄉,2024,680430,縣市退回值
10007080,彰化縣,花壇鄉,2024,680430,縣市退回值
10007090,彰化縣,芬園鄉,2024,680430,縣市退回值
10007100,彰化縣,員林市,2024,680430,縣市退回值
10007110,彰化縣,溪湖鎮,2024,680430,縣市退回值
10007120,彰化縣,田中鎮,2024,680430,縣市退回值
10007130,彰化縣,大村鄉,2024,680430,縣市退回值
10007140,彰化縣,埔鹽鄉,2024,680430,縣市退回值
10007150,彰化縣,埔心鄉,2024,680430,縣市退回值
10007160,彰化縣,永靖鄉,2024,680430,縣市退回值
10007170,彰化縣,社頭鄉,2024,680430,縣市退回值
10007180,彰化縣,二水鄉,2024,680430,縣市退回值
10007190,彰化縣,北斗鎮,2024,680430,縣市退回值
10007200,彰化縣,二林鎮,2024,680430,縣市退回值
10007210,彰化縣,田尾鄉,2024,680430,縣市退回值
10007220,彰化縣,埤頭鄉,2024,680430,縣市退回值
10007230,彰化縣,芳苑鄉,2024,680430,縣市退回值
10007240,彰化縣,大城鄉,2024,680430,縣市退回值
10007250,彰化縣,竹塘鄉,2024,680430,縣市退回值
10007260,彰化縣,溪州鄉,2024,680430,縣市退回值
10008010,南投縣,南投市,2024,600709,縣市退回值
10008020,南投縣,埔里鎮,2024,600709,縣市退回值
10008030,南投縣,草屯鎮,2024,600709,縣市退回值
10008040,南投縣,竹山鎮,2024,600709,縣市退回值
10008050,南投縣,集集鎮,2024,600709,縣市退回值
10008060,南投縣,名間鄉,2024,600709,縣市退回值
10008070,南投縣,鹿谷鄉,2024,600709,縣市退回值
10008080,南投縣,中寮鄉,2024,600709,縣市退回值
10008090,南投縣,魚池鄉,2024,600709,縣市退回值
10008100,南投縣,國姓鄉,2024,600709,縣市退回值
10008110,南投縣,水里鄉,2024,600709,縣市退回值
10008120,南投縣,信義鄉,2024,600709,縣市退回值
10008130,南投縣,仁愛鄉,2024,600709,縣市退回值
10009010,雲林縣,斗六市,2024,671112,縣市退回值
10009020,雲林縣,斗南鎮,2024,671112,縣市退回值
10009030,雲林縣,虎尾鎮,2024,671112,縣市退回值
10009040,雲林縣,西螺鎮,2024,671112,縣市退回值
10009050,雲林縣,土庫鎮,2024,671112,縣市退回值
10009060,雲林縣,北港鎮,2024,671112,縣市退回值
10009070,雲林縣,古坑鄉,2024,671112,縣市退回值
10009080,雲林縣,大埤鄉,2024,671112,縣市退回值
10009090,雲林縣,莿桐鄉,2024,671112,縣市退回值
10009100,雲林縣,林內鄉,2024,671112,縣市退回值
10009110,雲林縣,二崙鄉,2024,671112,縣市退回值
10009120,雲林縣,崙背鄉,2024,671112,縣市退回值
10009130,雲林縣,麥寮鄉,2024,671112,縣市退回值
10009140,雲林縣,東勢鄉,2024,671112,縣市退回值
10009150,雲林縣,褒忠鄉,2024,671112,縣市退回值
10009160,雲林縣,臺西鄉,2024,671112,縣市退回值
10009170,雲林縣,元長鄉,2024,671112,縣市退回值
10009180,雲林縣,四湖鄉,2024,671112,縣市退回值
10009190,雲林縣,口湖鄉,2024,671112,縣市退回值
10009200,雲林縣,水林鄉,2024,671112,縣市退回值
10010010,嘉義縣,太保市,2024,667369,縣市退回值
10010020,嘉義縣,朴子市,2024,667369,縣市退回值
10010030,嘉義縣,布袋鎮,2024,667369,縣市退回值
10010040,嘉義縣,大林鎮,2024,667369,縣市退回值
10010050,嘉義縣,民雄鄉,2024,667369,縣市退回值
10010060,嘉義縣,溪口鄉,2024,667369,縣市退回值
10010070,嘉義縣,新港鄉,2024,667369,縣市退回值
10010080,嘉義縣,六腳鄉,2024,667369,縣市退回值
10010090,嘉義縣,東石鄉,2024,667369,縣市退回值
10010100,嘉義縣,義竹鄉,2024,667369,縣市退回值
10010110,嘉義縣,鹿草鄉,2024,667369,縣市退回值
10010120,嘉義縣,水上鄉,2024,667369,縣市退回值
10010130,嘉義縣,中埔鄉,2024,667369,縣市退回值
10010140,嘉義縣,竹崎鄉,2024,667369,縣市退回值
10010150,嘉義縣,梅山鄉,2024,667369,縣市退回值
10010160,嘉義縣,番路鄉,2024,667369,縣市退回值
10010170,嘉義縣,大埔鄉,2024,667369,縣市退回值
10010180,嘉義縣,阿里山鄉,2024,667369,縣市退回值
10013010,屏東縣,屏東市,2024,731275,縣市退回值
10013020,屏東縣,潮州鎮,2024,731275,縣市退回值
10013030,屏東縣,東港鎮,2024,731275,縣市退回值
10013040,屏東縣,恆春鎮,2024,731275,縣市退回值
10013050,屏東縣,萬丹鄉,2024,731275,縣市退回值
10013060,屏東縣,長治鄉,2024,731275,縣市退回值
10013070,屏東縣,麟洛鄉,2024,731275,縣市退回值
10013080,屏東縣,九如鄉,2024,731275,縣市退回值
10013090,屏東縣,里港鄉,2024,731275,縣市退回值
10013100,屏東縣,鹽埔鄉,2024,731275,縣市退回值
10013110,屏東縣,高樹鄉,2024,731275,縣市退回值
10013120,屏東縣,萬巒鄉,2024,731275,縣市退回值
10013130,屏東縣,內埔鄉,2024,731275,縣市退回值
10013140,屏東縣,竹田鄉,2024,731275,縣市退回值
10013150,屏東縣,新埤鄉,2024,731275,縣市退回值
10013160,屏東縣,枋寮鄉,2024,731275,縣市退回值
10013170,屏東縣,新園鄉,2024,731275,縣市退回值
10013180,屏東縣,崁頂鄉,2024,731275,縣市退回值
10013190,屏東縣,林邊鄉,2024,731275,縣市退回值
10013200,屏東縣,南州鄉,2024,731275,縣市退回值
10013210,屏東縣,佳冬鄉,2024,731275,縣市退回值
10013220,屏東縣,琉球鄉,2024,731275,縣市退回值
10013230,屏東縣,車城鄉,2024,731275,縣市退回值
10013240,屏東縣,滿州鄉,2024,731275,縣市退回值
10013250,屏東縣,枋山鄉,2024,731275,縣市退回值
10013260,屏東縣,三地門鄉,2024,731275,縣市退回值
10013270,屏東縣,霧臺鄉,2024,731275,縣市退回值
10013280,屏東縣,瑪家鄉,2024,731275,縣市退回值
10013290,屏東縣,泰武鄉,2024,731275,縣市退回值
10013300,屏東縣,來義鄉,2024,731275,縣市退回值
10013310,屏東縣,春日鄉,2024,731275,縣市退回值
10013320,屏東縣,獅子鄉,2024,731275,縣市退回值
10013330,屏東縣,牡丹鄉,2024,731275,縣市退回值
10014010,臺東縣,臺東市,2024,561103,縣市退回值
10014020,臺東縣,成功鎮,2024,561103,縣市退回值
10014030,臺東縣,關山鎮,2024,561103,縣市退回值
10014040,臺東縣,卑南鄉,2024,561103,縣市退回值
10014050,臺東縣,鹿野鄉,2024,561103,縣市退回值
10014060,臺東縣,池上鄉,2024,561103,縣市退回值
10014070,臺東縣,東河鄉,2024,561103,縣市退回值
10014080,臺東縣,長濱鄉,2024,561103,縣市退回值
10014090,臺東縣,太麻里鄉,2024,561103,縣市退回值
10014100,臺東縣,大武鄉,2024,561103,縣市退回值
10014110,臺東縣,綠島鄉,2024,561103,縣市退回值
10014120,臺東縣,海端鄉,2024,561103,縣市退回值
10014130,臺東縣,延平鄉,2024,561103,縣市退回值
10014140,臺東縣,金峰鄉,2024,561103,縣市退回值
10014150,臺東縣,達仁鄉,2024,561103,縣市退回值
10014160,臺東縣,蘭嶼鄉,2024,561103,縣市退回值
10015010,花蓮縣,花蓮市,2024,630082,縣市退回值
10015020,花蓮縣,鳳林鎮,2024,630082,縣市退回值
10015030,花蓮縣,玉里鎮,2024,630082,縣市退回值
10015040,花蓮縣,新城鄉,2024,630082,縣市退回值
10015050,花蓮縣,吉安鄉,2024,630082,縣市退回值
10015060,花蓮縣,壽豐鄉,2024,630082,縣市退回值
10015070,花蓮縣,光復鄉,2024,630082,縣市退回值
10015080,花蓮縣,豐濱鄉,2024,630082,縣市退回值
10015090,花蓮縣,瑞穗鄉,2024,630082,縣市退回值
10015100,花蓮縣,富里鄉,2024,630082,縣市退回值
10015110,花蓮縣,秀林鄉,2024,630082,縣市退回值
10015120,花蓮縣,萬榮鄉,2024,630082,縣市退回值
10015130,花蓮縣,卓溪鄉,2024,630082,縣市退回值
10016010,澎湖縣,馬公市,2024,537812,縣市退回值
10016020,澎湖縣,湖西鄉,2024,537812,縣市退回值
10016030,澎湖縣,白沙鄉,2024,537812,縣市退回值
10016040,澎湖縣,西嶼鄉,2024,537812,縣市退回值
10016050,澎湖縣,望安鄉,2024,537812,縣市退回值
10016060,澎湖縣,七美鄉,2024,537812,縣市退回值
10017010,基隆市,中正區,2024,723538,縣市退回值
10017020,基隆市,七堵區,2024,723538,縣市退回值
10017030,基隆市,暖暖區,2024,723538,縣市退回值
10017040,基隆市,仁愛區,2024,723538,縣市退回值
10017050,基隆市,中山區,2024,723538,縣市退回值
10017060,基隆市,安樂區,2024,723538,縣市退回值
10017070,基隆市,信義區,2024,723538,縣市退回值
10018010,新竹市,東區,2024,1094975,縣市退回值
10018020,新竹市,北區,2024,1094975,縣市退回值
10018030,新竹市,香山區,2024,1094975,縣市退回值
10020010,嘉義市,東區,2024,928867,縣市退回值
10020020,嘉義市,西區,2024,928867,縣市退回值
63000010,臺北市,松山區,2024,1136637,縣市退回值
63000020,臺北市,信義區,2024,1136637,縣市退回值
63000030,臺北市,大安區,2024,1136637,縣市退回值
63000040,臺北市,中山區,2024,1136637,縣市退回值
63000050,臺北市,中正區,2024,1136637,縣市退回值
63000060,臺北市,大同區,2024,1136637,縣市退回值
63000070,臺北市,萬華區,2024,1136637,縣市退回值
63000080,臺北市,文山區,2024,1136637,縣市退回值
63000090,臺北市,南港區,2024,1136637,縣市退回值
63000100,臺北市,內湖區,2024,1136637,縣市退回值
63000110,臺北市,士林區,2024,1136637,縣市退回值
63000120,臺北市,北投區,2024,1136637,縣市退回值
64000010,高雄市,鹽埕區,2024,878620,縣市退回值
64000020,高雄市,鼓山區,2024,878620,縣市退回值
64000030,高雄市,左營區,2024,878620,縣市退回值
64000040,高雄市,楠梓區,2024,878620,縣市退回值
64000050,高雄市,三民區,2024,878620,縣市退回值
64000060,高雄市,新興區,2024,878620,縣市退回值
64000070,高雄市,前金區,2024,878620,縣市退回值
64000080,高雄市,苓雅區,2024,878620,縣市退回值
64000090,高雄市,前鎮區,2024,878620,縣市退回值
64000100,高雄市,旗津區,2024,878620,縣市退回值
64000110,高雄市,小港區,2024,878620,縣市退回值
64000120,高雄市,鳳山區,2024,878620,縣市退回值
64000130,高雄市,林園區,2024,878620,縣市退回值
64000140,高雄市,大寮區,2024,878620,縣市退回值
64000150,高雄市,大樹區,2024,878620,縣市退回值
64000160,高雄市,大社區,2024,878620,縣市退回值
64000170,高雄市,仁武區,2024,878620,縣市退回值
64000180,高雄市,鳥松區,2024,878620,縣市退回值
64000190,高雄市,岡山區,2024,878620,縣市退回值
64000200,高雄市,橋頭區,2024,878620,縣市退回值
64000210,高雄市,燕巢區,2024,878620,縣市退回值
64000220,高雄市,田寮區,2024,878620,縣市退回值
64000230,高雄市,阿蓮區,2024,878620,縣市退回值
64000240,高雄市,路竹區,2024,878620,縣市退回值
64000250,高雄市,湖內區,2024,878620,縣市退回值
64000260,高雄市,茄萣區,2024,878620,縣市退回值
64000270,高雄市,永安區,2024,878620,縣市退回值
64000280,高雄市,彌陀區,2024,878620,縣市退回值
64000290,高雄市,梓官區,2024,878620,縣市退回值
64000300,高雄市,旗山區,2024,878620,縣市退回值
64000310,高雄市,美濃區,2024,878620,縣市退回值
64000320,高雄市,六龜區,2024,878620,縣市退回值
64000330,高雄市,甲仙區,2024,878620,縣市退回值
64000340,高雄市,杉林區,2024,878620,縣市退回值
64000350,高雄市,內門區,2024,878620,縣市退回值
64000360,高雄市,茂林區,2024,878620,縣市退回值
64000370,高雄市,桃源區,2024,878620,縣市退回值
64000380,高雄市,那瑪夏區,2024,878620,縣市退回值
65000010,新北市,板橋區,2024,909382,縣市退回值
65000020,新北市,三重區,2024,909382,縣市退回值
65000030,新北市,中和區,2024,909382,縣市退回值
65000040,新北市,永和區,2024,909382,縣市退回值
65000050,新北市,新莊區,2024,909382,縣市退回值
65000060,新北市,新店區,2024,909382,縣市退回值
65000070,新北市,樹林區,2024,909382,縣市退回值
65000080,新北市,鶯歌區,2024,909382,縣市退回值
65000090,新北市,三峽區,2024,909382,縣市退回值
65000100,新北市,淡水區,2024,909382,縣市退回值
65000110,新北市,汐止區,2024,909382,縣市退回值
65000120,新北市,瑞芳區,2024,909382,縣市退回值
65000130,新北市,土城區,2024,909382,縣市退回值
65000140,新北市,蘆洲區,2024,909382,縣市退回值
65000150,新北市,五股區,2024,909382,縣市退回值
65000160,新北市,泰山區,2024,909382,縣市退回值
65000170,新北市,林口區,2024,909382,縣市退回值
65000180,新北市,深坑區,2024,909382,縣市退回值
65000190,新北市,石碇區,2024,909382,縣市退回值
65000200,新北市,坪林區,2024,909382,縣市退回值
65000210,新北市,三芝區,2024,909382,縣市退回值
65000220,新北市,石門區,2024,909382,縣市退回值
65000230,新北市,八里區,2024,909382,縣市退回值
65000240,新北市,平溪區,2024,909382,縣市退回值
65000250,新北市,雙溪區,2024,909382,縣市退回值
65000260,新北市,貢寮區,2024,909382,縣市退回值
65000270,新北市,金山區,2024,909382,縣市退回值
65000280,新北市,萬里區,2024,909382,縣市退回值
65000290,新北市,烏來區,2024,909382,縣市退回值
66000010,臺中市,中區,2024,973022,縣市退回值
66000020,臺中市,東區,2024,973022,縣市退回值
66000030,臺中市,南區,2024,973022,縣市退回值
66000040,臺中市,西區,2024,973022,縣市退回值
66000050,臺中市,北區,2024,973022,縣市退回值
66000060,臺中市,西屯區,2024,973022,縣市退回值
66000070,臺中市,南屯區,2024,973022,縣市退回值
66000080,臺中市,北屯區,2024,973022,縣市退回值
66000090,臺中市,豐原區,2024,973022,縣市退回值
66000100,臺中市,東勢區,2024,973022,縣市退回值
66000110,臺中市,大甲區,2024,973022,縣市退回值
66000120,臺中市,清水區,2024,973022,縣市退回值
66000130,臺中市,沙鹿區,2024,973022,縣市退回值
66000140,臺中市,梧棲區,2024,973022,縣市退回值
66000150,臺中市,后里區,2024,973022,縣市退回值
66000160,臺中市,神岡區,2024,973022,縣市退回值
66000170,臺中市,潭子區,2024,973022,縣市退回值
66000180,臺中市,大雅區,2024,973022,縣市退回值
66000190,臺中市,新社區,2024,973022,縣市退回值
66000200,臺中市,石岡區,2024,973022,縣市退回值
66000210,臺中市,外埔區,2024,973022,縣市退回值
66000220,臺中市,大安區,2024,973022,縣市退回值
66000230,臺中市,烏日區,2024,973022,縣市退回值
66000240,臺中市,大肚區,2024,973022,縣市退回值
66000250,臺中市,龍井區,2024,973022,縣市退回值
66000260,臺中市,霧峰區,2024,973022,縣市退回值
66000270,臺中市,太平區,2024,973022,縣市退回值
66000280,臺中市,大里區,2024,973022,縣市退回值
66000290,臺中市,和平區,2024,973022,縣市退回值
67000010,臺南市,新營區,2024,776782,縣市退回值
67000020,臺南市,鹽水區,2024,776782,縣市退回值
67000030,臺南市,白河區,2024,776782,縣市退回值
67000040,臺南市,柳營區,2024,776782,縣市退回值
67000050,臺南市,後壁區,2024,776782,縣市退回值
67000060,臺南市,東山區,2024,776782,縣市退回值
67000070,臺南市,麻豆區,2024,776782,縣市退回值
67000080,臺南市,下營區,2024,776782,縣市退回值
67000090,臺南市,六甲區,2024,776782,縣市退回值
67000100,臺南市,官田區,2024,776782,縣市退回值
67000110,臺南市,大內區,2024,776782,縣市退回值
67000120,臺南市,佳里區,2024,776782,縣市退回值
67000130,臺南市,學甲區,2024,776782,縣市退回值
67000140,臺南市,西港區,2024,776782,縣市退回值
67000150,臺南市,七股區,2024,776782,縣市退回值
67000160,臺南市,將軍區,2024,776782,縣市退回值
67000170,臺南市,北門區,2024,776782,縣市退回值
67000180,臺南市,新化區,2024,776782,縣市退回值
67000190,臺南市,善化區,2024,776782,縣市退回值
67000200,臺南市,新市區,2024,776782,縣市退回值
67000210,臺南市,安定區,2024,776782,縣市退回值
67000220,臺南市,山上區,2024,776782,縣市退回值
67000230,臺南市,玉井區,2024,776782,縣市退回值
67000240,臺南市,楠西區,2024,776782,縣市退回值
67000250,臺南市,南化區,2024,776782,縣市退回值
67000260,臺南市,左鎮區,2024,776782,縣市退回值
67000270,臺南市,仁德區,2024,776782,縣市退回值
67000280,臺南市,歸仁區,2024,776782,縣市退回值
67000290,臺南市,關廟區,2024,776782,縣市退回值
67000300,臺南市,龍崎區,2024,776782,縣市退回值
67000310,臺南市,永康區,2024,776782,縣市退回值
67000320,臺南市,東區,2024,776782,縣市退回值
67000330,臺南市,南區,2024,776782,縣市退回值
67000340,臺南市,北區,2024,776782,縣市退回值
67000350,臺南市,安南區,2024,776782,縣市退回值
67000360,臺南市,安平區,2024,776782,縣市退回值
67000370,臺南市,中西區,2024,776782,縣市退回值
68000010,桃園市,桃園區,2024,922775,縣市退回值
68000020,桃園市,中壢區,2024,922775,縣市退回值
68000030,桃園市,大溪區,2024,922775,縣市退回值
68000040,桃園市,楊梅區,2024,922775,縣市退回值
68000050,桃園市,蘆竹區,2024,922775,縣市退回值
68000060,桃園市,大園區,2024,922775,縣市退回值
68000070,桃園市,龜山區,2024,922775,縣市退回值
68000080,桃園市,八德區,2024,922775,縣市退回值
68000090,桃園市,龍潭區,2024,922775,縣市退回值
68000100,桃園市,平鎮區,2024,922775,縣市退回值
68000110,桃園市,新屋區,2024,922775,縣市退回值
68000120,桃園市,觀音區,2024,922775,縣市退回值
68000130,桃園市,復興區,2024,922775,縣市退回值
