行政區代碼,縣市,鄉鎮市區,統計年度,納稅單位(戶),綜合所得總額,平均數,中位數,第一分位數,第三分位數,標準差,變異係數
63000010,臺北市,松山區,112,69735,108655620,1558,758,330,1677,30310.73,1945.34
63000030,臺北市,大安區,112,105270,174060637,1653,828,346,1884,3808.90,230.36
63000050,臺北市,中正區,112,51918,76495104,1473,778,334,1717,3592.45,243.82
63000070,臺北市,萬華區,112,54408,47451398,872,518,246,1045,1278.83,146.63
63000060,臺北市,大同區,112,41641,43459546,1044,587,271,1229,1634.42,156.60
63000040,臺北市,中山區,112,80695,108714807,1347,679,299,1477,3760.73,279.15
63000080,臺北市,文山區,112,90343,106308594,1177,663,299,1422,1882.80,160.00
63000090,臺北市,南港區,112,40036,45783427,1144,613,285,1300,2157.61,188.68
63000100,臺北市,內湖區,112,99517,131178685,1318,707,321,1536,2515.25,190.82
63000110,臺北市,士林區,112,91645,110009498,1200,621,285,1332,3284.65,273.63
63000120,臺北市,北投區,112,82195,92797801,1129,622,284,1323,1808.09,160.15
63000020,臺北市,信義區,112,73634,90393951,1228,642,294,1370,2941.36,239.60
64000010,高雄市,鹽埕區,112,6352,4900229,771,469,220,911,1083.61,140.46
64000020,高雄市,鼓山區,112,42435,45152871,1064,603,270,1246,2198.57,206.62
64000030,高雄市,左營區,112,61248,56864401,928,579,273,1135,1275.09,137.34
64000040,高雄市,楠梓區,112,59305,46111116,778,545,273,985,949.19,122.08
64000050,高雄市,三民區,112,99842,82938937,831,533,251,1036,1069.00,128.69
64000060,高雄市,新興區,112,15639,15531888,993,565,253,1155,1526.76,153.73
64000070,高雄市,前金區,112,9059,9066391,1001,573,252,1142,1781.23,177.98
64000080,高雄市,苓雅區,112,49928,44767980,897,545,250,1080,1289.25,143.79
64000090,高雄市,前鎮區,112,52125,41609789,798,509,245,985,1081.66,135.50
64000100,高雄市,旗津區,112,5617,3161926,563,403,201,708,640.43,113.77
64000110,高雄市,小港區,112,45256,32465551,717,503,250,932,767.93,107.05
64000120,高雄市,鳳山區,112,102096,76294170,747,507,245,954,865.41,115.81
64000180,高雄市,鳥松區,112,14044,14775319,1052,592,271,1192,1713.19,162.84
64000170,高雄市,仁武區,112,29274,22775501,778,529,258,984,933.65,120.00
64000160,高雄市,大社區,112,9250,6126286,662,458,229,821,784.82,118.50
64000150,高雄市,大樹區,112,9538,5623308,590,428,218,736,709.69,120.37
64000140,高雄市,大寮區,112,28844,17598922,610,431,221,769,813.94,133.40
64000130,高雄市,林園區,112,17476,10748491,615,458,228,810,613.06,99.68
64000190,高雄市,岡山區,112,28729,20186834,703,472,237,863,928.67,132.16
64000260,高雄市,茄萣區,112,6732,3858188,573,388,207,691,651.90,113.75
64000270,高雄市,永安區,112,3726,2236077,600,414,220,759,643.18,107.17
64000200,高雄市,橋頭區,112,13420,10218427,761,523,269,957,871.54,114.46
64000290,高雄市,梓官區,112,9077,5477751,603,438,226,766,638.68,105.83
64000220,高雄市,田寮區,112,1212,660299,545,380,204,670,604.80,111.01
64000230,高雄市,阿蓮區,112,6854,4353121,635,414,220,751,903.00,142.18
64000240,高雄市,路竹區,112,14073,9958485,708,464,245,839,977.55,138.14
64000210,高雄市,燕巢區,112,7155,4441815,621,432,224,762,750.87,120.95
64000280,高雄市,彌陀區,112,4355,2500134,574,403,209,698,685.60,119.43
64000250,高雄市,湖內區,112,8161,5124662,628,424,219,770,771.00,122.78
64000300,高雄市,旗山區,112,7098,4281298,603,423,219,757,679.71,112.69
64000320,高雄市,六龜區,112,1557,877023,563,401,204,677,770.17,136.73
64000350,高雄市,內門區,112,2111,1082825,513,376,191,642,562.72,109.70
64000310,高雄市,美濃區,112,7348,4517921,615,431,222,779,663.59,107.93
64000340,高雄市,杉林區,112,1576,806532,512,372,194,632,612.61,119.71
64000330,高雄市,甲仙區,112,826,445216,539,394,196,672,560.60,104.01
64000360,高雄市,茂林區,112,342,199275,583,465,221,735,728.62,125.05
64000370,高雄市,桃源區,112,596,327635,550,457,267,690,462.08,84.06
64000380,高雄市,那瑪夏區,112,438,254400,581,482,265,750,491.26,84.58
66000010,臺中市,中區,112,4206,3423970,814,457,205,962,1427.39,175.34
66000020,臺中市,東區,112,22782,17212732,756,472,218,949,964.14,127.61
66000040,臺中市,西區,112,36126,38135798,1056,572,254,1204,3678.10,348.43
66000030,臺中市,南區,112,41277,35055800,849,540,252,1080,1055.79,124.32
66000050,臺中市,北區,112,43537,38405148,882,506,229,1037,1388.72,157.43
66000060,臺中市,西屯區,112,76144,86333923,1134,607,274,1301,2040.21,179.94
66000070,臺中市,南屯區,112,59914,67002419,1118,635,286,1325,1975.95,176.69
66000080,臺中市,北屯區,112,95152,87684050,922,560,258,1121,1320.56,143.30
66000090,臺中市,豐原區,112,48512,35238943,726,446,214,870,981.83,135.16
66000100,臺中市,東勢區,112,11250,6845479,608,409,197,744,714.35,117.40
66000110,臺中市,大甲區,112,20692,14412528,697,438,221,824,1269.48,182.26
66000120,臺中市,清水區,112,25682,17938450,698,461,228,861,894.89,128.12
66000130,臺中市,沙鹿區,112,28555,23370722,818,524,258,1012,1034.65,126.42
66000140,臺中市,梧棲區,112,17899,12900500,721,486,240,902,876.18,121.57
66000160,臺中市,神岡區,112,18516,11968691,646,414,210,775,864.60,133.76
66000150,臺中市,后里區,112,14021,9058031,646,435,217,806,734.61,113.71
66000180,臺中市,大雅區,112,27717,20461170,738,458,227,875,1006.63,136.36
66000170,臺中市,潭子區,112,32597,22628950,694,451,218,845,877.04,126.34
66000190,臺中市,新社區,112,4608,2669907,579,394,190,703,714.77,123.36
66000200,臺中市,石岡區,112,3616,2177831,602,408,206,731,709.39,117.79
66000210,臺中市,外埔區,112,8180,5159676,631,433,221,786,717.84,113.80
66000220,臺中市,大安區,112,4481,2650443,591,391,203,711,731.65,123.70
66000230,臺中市,烏日區,112,23835,18672791,783,497,237,954,1210.80,154.55
66000240,臺中市,大肚區,112,15909,10239990,644,443,225,796,765.07,118.86
66000250,臺中市,龍井區,112,23182,16494045,712,463,231,882,929.28,130.61
66000260,臺中市,霧峰區,112,16671,10776218,646,415,204,772,1308.51,202.43
66000270,臺中市,太平區,112,53139,35944243,676,441,215,838,834.01,123.30
66000280,臺中市,大里區,112,60268,41684596,692,446,212,853,893.48,129.18
66000290,臺中市,和平區,112,1773,1004733,567,398,190,709,625.82,110.43
10017010,基隆市,中正區,112,14939,9962436,667,446,227,834,856.54,128.44
10017020,基隆市,七堵區,112,16795,11376926,677,446,232,832,798.31,117.85
10017030,基隆市,暖暖區,112,12323,8551645,694,462,238,856,835.53,120.40
10017040,基隆市,仁愛區,112,11503,8425561,732,482,232,931,842.57,115.03
10017050,基隆市,中山區,112,13675,8793937,643,442,233,794,740.41,115.14
10017060,基隆市,安樂區,112,26284,20158235,767,497,248,949,1610.86,210.04
10017070,基隆市,信義區,112,17417,12736397,731,483,239,927,890.32,121.75
67000320,臺南市,東區,112,56119,58524801,1043,586,273,1218,1660.75,159.25
67000330,臺南市,南區,112,33581,24329737,725,460,230,874,957.08,132.10
67000340,臺南市,北區,112,38250,37247751,974,546,255,1138,1469.55,150.91
67000350,臺南市,安南區,112,53874,42083734,781,489,245,934,978.60,125.28
67000360,臺南市,安平區,112,21058,19666285,934,539,257,1087,1391.03,148.95
67000370,臺南市,中西區,112,22509,23203776,1031,563,255,1187,1647.67,159.83
67000010,臺南市,新營區,112,22702,18091941,797,529,264,1001,958.94,120.33
67000020,臺南市,鹽水區,112,5978,3809439,637,446,236,769,806.66,126.59
67000030,臺南市,白河區,112,5119,3195968,624,435,221,770,878.71,140.74
67000040,臺南市,柳營區,112,5224,3507556,671,455,240,830,825.64,122.97
67000050,臺南市,後壁區,112,4987,3211960,644,463,239,824,681.13,105.75
67000060,臺南市,東山區,112,3592,2112319,588,422,220,739,646.71,109.97
67000070,臺南市,麻豆區,112,11867,9090396,766,497,255,918,953.67,124.50
67000080,臺南市,下營區,112,5279,3401658,644,453,236,821,685.49,106.38
67000090,臺南市,六甲區,112,5394,3528692,654,454,245,801,802.09,122.61
67000100,臺南市,官田區,112,5696,3730215,655,461,255,817,732.38,111.83
67000110,臺南市,大內區,112,1729,984567,569,407,225,694,662.07,116.27
67000120,臺南市,佳里區,112,15905,11566574,727,481,249,899,924.70,127.15
67000140,臺南市,西港區,112,6288,4246969,675,457,239,810,838.90,124.21
67000150,臺南市,七股區,112,3971,2312225,582,391,198,697,744.43,127.85
67000160,臺南市,將軍區,112,3532,1980863,561,409,219,683,612.38,109.19
67000170,臺南市,北門區,112,1786,1047413,586,423,222,721,617.69,105.33
67000130,臺南市,學甲區,112,6249,4014726,642,447,232,782,789.07,122.82
67000180,臺南市,新化區,112,11246,7937536,706,461,237,863,852.40,120.77
67000190,臺南市,善化區,112,15785,19560524,1239,675,326,1499,1818.20,146.73
67000200,臺南市,新市區,112,11518,10187680,885,545,279,1067,1085.09,122.68
67000210,臺南市,安定區,112,7637,5739712,752,491,252,910,892.41,118.74
67000220,臺南市,山上區,112,1747,1045247,598,415,236,731,678.09,113.33
67000230,臺南市,玉井區,112,2548,1578473,619,421,219,763,711.41,114.84
67000240,臺南市,楠西區,112,1409,774942,550,408,216,679,595.17,108.21
67000250,臺南市,南化區,112,1422,831325,585,416,232,729,616.68,105.48
67000260,臺南市,左鎮區,112,706,375002,531,381,188,653,545.38,102.68
67000270,臺南市,仁德區,112,22318,17002916,762,499,250,936,985.28,129.33
67000280,臺南市,歸仁區,112,19103,14019315,734,490,254,892,929.24,126.62
67000290,臺南市,關廟區,112,8445,5249705,622,434,228,754,740.26,119.08
67000300,臺南市,龍崎區,112,594,350281,590,378,219,673,754.89,128.01
67000310,臺南市,永康區,112,69122,58905157,852,521,261,1012,1489.42,174.78
10020010,嘉義市,東區,112,33772,28219471,836,524,246,1026,1095.09,131.06
10020020,嘉義市,西區,112,38963,29838409,766,499,240,969,920.16,120.15
10018010,新竹市,東區,112,71808,141648003,1973,936,373,2439,3651.83,185.13
10018020,新竹市,北區,112,49312,56000585,1136,613,281,1313,1853.54,163.22
10018030,新竹市,香山區,112,25239,25401498,1006,576,277,1184,1424.90,141.58
65000050,新北市,新莊區,112,136758,114814547,840,510,252,1021,1109.70,132.18
65000170,新北市,林口區,112,43876,54219075,1236,698,314,1528,1947.43,157.59
65000150,新北市,五股區,112,29227,20410199,698,457,228,856,992.58,142.13
65000140,新北市,蘆洲區,112,61370,47188613,769,477,240,931,1054.84,137.18
65000020,新北市,三重區,112,119544,95461457,799,489,242,970,1132.51,141.82
65000160,新北市,泰山區,112,24423,19715695,807,515,252,1027,978.81,121.25
65000060,新北市,新店區,112,103806,105760891,1019,565,266,1177,1823.18,178.95
65000190,新北市,石碇區,112,1762,1063084,603,387,211,731,735.24,121.86
65000180,新北市,深坑區,112,7545,5674361,752,463,237,875,1484.69,197.41
65000200,新北市,坪林區,112,1518,958152,631,412,220,709,994.87,157.62
65000290,新北市,烏來區,112,1394,922556,662,451,233,826,760.55,114.92
65000010,新北市,板橋區,112,175295,163225709,931,556,266,1126,1434.94,154.10
65000090,新北市,三峽區,112,33192,26304875,793,487,233,966,1060.34,133.80
65000080,新北市,鶯歌區,112,26963,18586132,689,451,230,845,933.82,135.47
65000070,新北市,樹林區,112,55773,43001997,771,469,235,924,1054.88,136.82
65000030,新北市,中和區,112,133441,116863071,876,537,258,1076,1198.61,136.86
65000130,新北市,土城區,112,75483,58233247,771,487,243,955,1106.39,143.41
65000120,新北市,瑞芳區,112,9830,5536113,563,397,201,711,633.66,112.51
65000240,新北市,平溪區,112,859,501495,584,384,208,658,794.93,136.16
65000250,新北市,雙溪區,112,1857,1133102,610,413,212,748,793.71,130.08
65000260,新北市,貢寮區,112,2306,1353121,587,392,205,709,758.56,129.27
65000270,新北市,金山區,112,5190,3087200,595,395,202,720,820.74,137.98
65000280,新北市,萬里區,112,4843,2781077,574,392,211,699,688.48,119.89
65000100,新北市,淡水區,112,65711,56708057,863,529,245,1069,1318.22,152.75
65000110,新北市,汐止區,112,74230,66039900,890,534,260,1074,2039.72,229.27
65000210,新北市,三芝區,112,5937,3322278,560,369,188,693,778.28,139.08
65000220,新北市,石門區,112,2703,1537084,569,372,194,695,739.68,130.07
65000230,新北市,八里區,112,12502,8543961,683,440,221,823,870.36,127.36
65000040,新北市,永和區,112,71310,71998000,1010,597,277,1225,2148.49,212.80
10002010,宜蘭縣,宜蘭市,112,27423,20695046,755,498,244,946,911.84,120.83
10002040,宜蘭縣,頭城鎮,112,6395,4028312,630,416,208,764,869.43,138.02
10002050,宜蘭縣,礁溪鄉,112,9419,6384928,678,448,224,840,817.50,120.60
10002060,宜蘭縣,壯圍鄉,112,6246,3950391,632,441,222,776,737.42,116.59
10002070,宜蘭縣,員山鄉,112,8385,5567924,664,437,221,797,1100.05,165.66
10002020,宜蘭縣,羅東鎮,112,19602,14519405,741,489,241,911,891.76,120.39
10002090,宜蘭縣,五結鄉,112,12159,8253096,679,457,230,835,1365.71,201.21
10002080,宜蘭縣,冬山鄉,112,15214,10305033,677,463,236,838,830.03,122.54
10002030,宜蘭縣,蘇澳鎮,112,9281,5692007,613,445,233,761,708.18,115.47
10002100,宜蘭縣,三星鄉,112,5335,3615595,678,433,219,804,990.19,146.11
10002110,宜蘭縣,大同鄉,112,797,432037,542,400,190,682,692.29,127.71
10002120,宜蘭縣,南澳鄉,112,1047,503074,480,403,211,641,411.85,85.71
68000010,桃園市,桃園區,112,151816,148832114,980,587,278,1185,1675.71,170.93
68000030,桃園市,大溪區,112,25799,18164544,704,462,233,856,899.51,127.76
68000020,桃園市,中壢區,112,135375,121532830,898,565,279,1097,1986.78,221.31
68000040,桃園市,楊梅區,112,56543,43316368,766,502,263,926,1123.58,146.67
68000050,桃園市,蘆竹區,112,54816,52486135,957,597,288,1168,1278.29,133.50
68000060,桃園市,大園區,112,26618,21007457,789,520,265,952,978.66,124.00
68000070,桃園市,龜山區,112,58510,49959520,854,557,273,1067,1027.87,120.38
68000080,桃園市,八德區,112,63510,48450682,763,498,253,935,1054.12,138.18
68000090,桃園市,龍潭區,112,37101,30146999,813,516,263,979,1482.91,182.50
68000100,桃園市,平鎮區,112,69168,54770583,792,515,262,974,983.42,124.19
68000110,桃園市,新屋區,112,14184,9136892,644,453,243,793,731.49,113.56
68000120,桃園市,觀音區,112,22349,14178743,634,465,250,792,684.12,107.83
68000130,桃園市,復興區,112,2041,1071477,525,399,197,690,502.68,95.75
10004020,新竹縣,竹東鎮,112,30797,33389141,1084,597,287,1291,1594.07,147.03
10004040,新竹縣,關西鎮,112,7287,5094507,699,464,246,847,899.00,128.59
10004030,新竹縣,新埔鎮,112,10514,9853161,937,548,279,1068,1814.82,193.65
10004010,新竹縣,竹北市,112,71249,146715204,2059,1084,428,2609,3195.76,155.19
10004050,新竹縣,湖口鄉,112,26436,19932274,754,521,278,934,865.66,114.81
10004080,新竹縣,橫山鄉,112,3267,2178242,667,447,235,815,817.72,122.64
10004060,新竹縣,新豐鄉,112,18557,15376981,829,547,287,1027,1010.63,121.96
10004070,新竹縣,芎林鄉,112,6410,6605633,1031,575,289,1211,1583.22,153.63
10004100,新竹縣,寶山鄉,112,4893,7364795,1505,652,301,1545,3724.82,247.47
10004090,新竹縣,北埔鄉,112,2309,1588624,688,459,236,860,806.54,117.23
10004110,新竹縣,峨眉鄉,112,1297,914593,705,469,248,841,872.29,123.70
10004120,新竹縣,尖石鄉,112,1227,648010,528,392,219,674,523.06,99.04
10004130,新竹縣,五峰鄉,112,644,312297,485,375,202,578,486.71,100.37
10005010,苗栗縣,苗栗市,112,26580,20598399,775,528,258,1014,976.54,126.01
10005020,苗栗縣,苑裡鎮,112,11969,7446728,622,408,209,755,782.09,125.70
10005030,苗栗縣,通霄鎮,112,8045,4774756,594,408,200,733,695.31,117.15
10005090,苗栗縣,公館鄉,112,9078,6199873,683,475,246,874,777.83,113.89
10005100,苗栗縣,銅鑼鄉,112,4618,2892570,626,460,241,798,655.55,104.66
10005130,苗栗縣,三義鄉,112,3973,2436887,613,431,223,755,716.27,116.78
10005140,苗栗縣,西湖鄉,112,1650,1030802,625,434,237,785,665.67,106.55
10005120,苗栗縣,頭屋鄉,112,2783,1830120,658,461,235,829,786.71,119.63
10005040,苗栗縣,竹南鎮,112,28401,27399598,965,597,290,1179,1225.06,126.98
10005050,苗栗縣,頭份市,112,33710,30938129,918,566,285,1115,1166.92,127.15
10005150,苗栗縣,造橋鄉,112,3363,2155003,641,446,233,799,705.69,110.13
10005060,苗栗縣,後龍鎮,112,8756,6018080,687,465,239,849,788.56,114.73
10005160,苗栗縣,三灣鄉,112,1510,1135132,752,431,223,786,5121.45,681.28
10005110,苗栗縣,南庄鄉,112,1786,1098973,615,399,208,714,840.31,136.56
10005080,苗栗縣,大湖鄉,112,2609,1565039,600,423,215,742,772.34,128.75
10005070,苗栗縣,卓蘭鎮,112,3023,1838049,608,424,219,757,705.93,116.10
10005170,苗栗縣,獅潭鄉,112,826,519941,629,406,230,748,953.66,151.50
10005180,苗栗縣,泰安鄉,112,814,463729,570,419,213,691,752.59,132.10
10008010,南投縣,南投市,112,27635,19348575,700,457,228,852,1030.49,147.18
10008020,南投縣,埔里鎮,112,16071,9692399,603,404,195,755,721.85,119.69
10008030,南投縣,草屯鎮,112,25953,17883827,689,457,225,852,880.52,127.78
10008040,南投縣,竹山鎮,112,11137,6736890,605,428,207,762,693.40,114.63
10008050,南投縣,集集鎮,112,2179,1401855,643,437,229,782,782.48,121.63
10008060,南投縣,名間鄉,112,7805,4512411,578,409,205,706,667.69,115.49
10008070,南投縣,鹿谷鄉,112,3267,2077875,636,427,216,770,857.26,134.79
10008080,南投縣,中寮鄉,112,2630,1423066,541,370,194,663,640.31,118.34
10008090,南投縣,魚池鄉,112,2714,1564163,576,384,202,687,705.48,122.41
10008100,南投縣,國姓鄉,112,2910,1551596,533,382,194,666,608.53,114.13
10008110,南投縣,水里鄉,112,3148,1803211,573,408,193,721,644.62,112.54
10008120,南投縣,信義鄉,112,2097,1103099,526,425,223,666,476.10,90.51
10008130,南投縣,仁愛鄉,112,2125,1121807,528,406,211,655,562.79,106.61
10007010,彰化縣,彰化市,112,66862,52069343,779,478,226,951,1146.09,147.17
10007020,彰化縣,鹿港鎮,112,22807,15564008,682,423,209,799,964.53,141.34
10007030,彰化縣,和美鎮,112,25772,17393408,675,432,215,812,863.95,128.01
10007190,彰化縣,北斗鎮,112,8070,5593590,693,448,220,841,1470.01,212.08
10007100,彰化縣,員林市,112,34409,26062359,757,478,231,926,1065.83,140.72
10007110,彰化縣,溪湖鎮,112,13321,8818508,662,442,212,827,795.40,120.15
10007120,彰化縣,田中鎮,112,9664,6009509,622,439,219,775,706.11,113.55
10007200,彰化縣,二林鎮,112,10166,6500702,639,440,217,785,866.76,135.55
10007040,彰化縣,線西鄉,112,4317,2685830,622,427,207,762,821.92,132.11
10007050,彰化縣,伸港鄉,112,10325,6272192,607,410,208,746,723.76,119.14
10007060,彰化縣,福興鄉,112,11743,7382068,629,395,200,731,916.45,145.78
10007070,彰化縣,秀水鄉,112,10625,7057389,664,427,213,797,835.09,125.72
10007080,彰化縣,花壇鄉,112,12160,8104298,666,422,209,782,1235.55,185.39
10007090,彰化縣,芬園鄉,112,5196,3042249,585,393,198,704,735.30,125.58
10007130,彰化縣,大村鄉,112,10344,6476801,626,419,208,749,1048.55,167.46
10007140,彰化縣,埔鹽鄉,112,7539,4611495,612,405,196,743,752.89,123.08
10007150,彰化縣,埔心鄉,112,8717,5416956,621,416,205,761,750.76,120.81
10007160,彰化縣,永靖鄉,112,8513,5138604,604,402,194,732,782.95,129.71
10007170,彰化縣,社頭鄉,112,10262,6309917,615,420,211,752,797.87,129.76
10007180,彰化縣,二水鄉,112,3107,1895186,610,423,221,759,738.46,121.06
10007210,彰化縣,田尾鄉,112,5840,3538029,606,404,197,736,772.70,127.54
10007220,彰化縣,埤頭鄉,112,6505,4186578,644,430,208,783,807.78,125.51
10007230,彰化縣,芳苑鄉,112,5343,3048144,570,386,200,688,735.43,128.91
10007240,彰化縣,大城鄉,112,2449,1428816,583,392,206,715,689.47,118.17
10007250,彰化縣,竹塘鄉,112,2587,1603109,620,426,211,784,684.86,110.52
10007260,彰化縣,溪州鄉,112,5637,3435232,609,412,203,731,821.99,134.88
10009010,雲林縣,斗六市,112,30597,23272976,761,498,252,930,965.56,126.94
10009020,雲林縣,斗南鎮,112,11208,7621865,680,463,229,856,774.42,113.88
10009030,雲林縣,虎尾鎮,112,18041,14230739,789,537,257,1045,844.31,107.04
10009040,雲林縣,西螺鎮,112,8921,5994512,672,462,222,865,728.07,108.35
10009050,雲林縣,土庫鎮,112,5756,3911714,680,461,234,852,797.78,117.39
10009060,雲林縣,北港鎮,112,8710,6131259,704,477,232,901,824.47,117.12
10009070,雲林縣,古坑鄉,112,6587,3914339,594,422,215,754,665.40,111.97
10009080,雲林縣,大埤鄉,112,3770,2291828,608,408,211,733,792.48,130.36
10009090,雲林縣,莿桐鄉,112,6100,3705276,607,431,221,756,702.25,115.61
10009100,雲林縣,林內鄉,112,3856,2149327,557,402,211,684,614.52,110.25
10009110,雲林縣,二崙鄉,112,4316,2789154,646,443,208,847,754.97,116.83
10009120,雲林縣,崙背鄉,112,4175,2876831,689,474,229,881,776.94,112.75
10009130,雲林縣,麥寮鄉,112,11291,8419028,746,539,247,994,843.91,113.18
10009140,雲林縣,東勢鄉,112,2467,1619774,657,482,228,876,777.47,118.41
10009150,雲林縣,褒忠鄉,112,2400,1570564,654,465,225,827,740.83,113.21
10009160,雲林縣,臺西鄉,112,4099,2734463,667,489,222,881,703.62,105.47
10009170,雲林縣,元長鄉,112,4098,2600094,634,443,216,786,735.10,115.86
10009180,雲林縣,四湖鄉,112,3658,2351648,643,460,233,854,672.48,104.60
10009190,雲林縣,口湖鄉,112,4177,2554885,612,429,216,768,693.45,113.37
10009200,雲林縣,水林鄉,112,3808,2347220,616,425,208,762,729.53,118.36
10010020,嘉義縣,朴子市,112,9638,7219944,749,510,251,956,879.76,117.44
10010030,嘉義縣,布袋鎮,112,4718,2931865,621,453,227,786,682.72,109.86
10010040,嘉義縣,大林鎮,112,6862,4666750,680,462,229,842,794.05,116.76
10010050,嘉義縣,民雄鄉,112,18027,12055625,669,460,228,835,761.65,113.89
10010060,嘉義縣,溪口鄉,112,2651,1557473,588,401,205,727,712.32,121.24
10010070,嘉義縣,新港鄉,112,6417,4246604,662,464,225,850,722.28,109.14
10010080,嘉義縣,六腳鄉,112,3989,2512345,630,431,207,792,786.29,124.84
10010090,嘉義縣,東石鄉,112,3461,1965817,568,407,208,703,623.00,109.68
10010100,嘉義縣,義竹鄉,112,3335,2206575,662,455,225,821,765.94,115.76
10010110,嘉義縣,鹿草鄉,112,2731,1678602,615,435,231,772,703.47,114.45
10010010,嘉義縣,太保市,112,9862,7218812,732,513,253,955,823.88,112.56
10010120,嘉義縣,水上鄉,112,11240,6898530,614,438,218,777,674.40,109.88
10010130,嘉義縣,中埔鄉,112,8661,5322403,615,436,216,786,684.99,111.47
10010140,嘉義縣,竹崎鄉,112,6062,3558736,587,414,205,726,707.02,120.43
10010150,嘉義縣,梅山鄉,112,3081,1903513,618,429,208,748,725.67,117.46
10010160,嘉義縣,番路鄉,112,1890,1097963,581,419,203,744,635.85,109.45
10010170,嘉義縣,大埔鄉,112,830,509510,614,424,217,754,683.59,111.36
10010180,嘉義縣,阿里山鄉,112,661,391829,593,400,204,679,923.05,155.72
10013010,屏東縣,屏東市,112,52439,36645556,699,485,236,881,804.64,115.14
10013020,屏東縣,潮州鎮,112,13105,8566708,654,467,231,842,715.03,109.38
10013030,屏東縣,東港鎮,112,9703,6144956,633,441,216,800,749.66,118.37
10013040,屏東縣,恆春鎮,112,5573,3291094,591,389,195,703,743.17,125.84
10013050,屏東縣,萬丹鄉,112,10982,7196080,655,463,237,808,809.60,123.55
10013060,屏東縣,長治鄉,112,7148,4588954,642,456,226,820,700.15,109.06
10013070,屏東縣,麟洛鄉,112,2829,1905034,673,472,234,850,792.91,117.75
10013080,屏東縣,九如鄉,112,4526,2722728,602,438,219,744,668.09,111.06
10013090,屏東縣,里港鄉,112,5202,3285608,632,450,227,786,785.50,124.37
10013100,屏東縣,鹽埔鄉,112,4449,2531042,569,419,209,710,614.28,107.98
10013110,屏東縣,高樹鄉,112,3522,1949891,554,390,201,669,773.86,139.78
10013120,屏東縣,萬巒鄉,112,3632,2142240,590,429,215,721,670.50,113.68
10013130,屏東縣,內埔鄉,112,11820,7125906,603,438,226,756,667.28,110.68
10013140,屏東縣,竹田鄉,112,3463,2060740,595,427,210,766,655.27,110.12
10013150,屏東縣,新埤鄉,112,1569,843703,538,386,195,698,584.41,108.68
10013160,屏東縣,枋寮鄉,112,4045,2304184,570,419,215,716,615.13,107.99
10013170,屏東縣,新園鄉,112,6902,4034324,585,427,220,744,617.57,105.65
10013180,屏東縣,崁頂鄉,112,2824,1617818,573,429,214,729,624.77,109.06
10013190,屏東縣,林邊鄉,112,3165,1902285,601,440,222,770,666.89,110.96
10013200,屏東縣,南州鄉,112,2113,1346858,637,463,238,788,813.78,127.67
10013210,屏東縣,佳冬鄉,112,3245,1910137,589,414,217,710,1295.68,220.11
10013220,屏東縣,琉球鄉,112,1981,1185876,599,403,179,783,669.73,111.88
10013230,屏東縣,車城鄉,112,1356,687967,507,363,176,630,627.96,123.77
10013240,屏東縣,滿州鄉,112,1178,595344,505,366,192,613,600.64,118.85
10013250,屏東縣,枋山鄉,112,711,382737,538,392,207,641,583.18,108.34
10013260,屏東縣,三地門鄉,112,1119,557548,498,416,234,641,447.70,89.85
10013270,屏東縣,霧臺鄉,112,577,291308,505,420,223,658,430.03,85.18
10013280,屏東縣,瑪家鄉,112,1084,609115,562,457,249,718,545.21,97.03
10013290,屏東縣,泰武鄉,112,793,415014,523,439,234,689,478.71,91.47
10013300,屏東縣,來義鄉,112,1167,630597,540,420,198,700,705.13,130.49
10013310,屏東縣,春日鄉,112,699,361418,517,430,227,675,483.58,93.53
10013320,屏東縣,獅子鄉,112,740,376075,508,443,227,660,427.02,84.02
10013330,屏東縣,牡丹鄉,112,827,440221,532,419,223,704,519.01,97.50
10015010,花蓮縣,花蓮市,112,28180,20485383,727,478,232,906,966.77,132.99
10015070,花蓮縣,光復鄉,112,2191,1176198,537,396,198,665,581.26,108.28
10015030,花蓮縣,玉里鎮,112,4347,2589034,596,409,207,746,719.56,120.82
10015040,花蓮縣,新城鄉,112,5419,3291986,607,449,231,780,649.05,106.84
10015050,花蓮縣,吉安鄉,112,23536,15624599,664,461,228,856,743.63,112.02
10015060,花蓮縣,壽豐鄉,112,3651,2136033,585,403,205,695,735.99,125.80
10015020,花蓮縣,鳳林鎮,112,2223,1263514,568,419,213,713,576.14,101.36
10015080,花蓮縣,豐濱鄉,112,631,289192,458,369,192,569,469.43,102.43
10015090,花蓮縣,瑞穗鄉,112,1899,1068758,563,392,203,674,762.31,135.45
10015100,花蓮縣,富里鄉,112,1595,833302,522,372,193,656,577.38,110.51
10015110,花蓮縣,秀林鄉,112,3454,1686157,488,390,195,611,519.02,106.32
10015120,花蓮縣,萬榮鄉,112,1223,561756,459,375,208,585,415.24,90.40
10015130,花蓮縣,卓溪鄉,112,1029,481270,468,395,215,610,387.67,82.89
10014010,臺東縣,臺東市,112,25439,17179417,675,470,234,870,731.05,108.25
10014020,臺東縣,成功鎮,112,2154,1195037,555,384,204,665,863.63,155.67
10014030,臺東縣,關山鎮,112,1616,978236,605,423,215,750,702.31,116.02
10014040,臺東縣,卑南鄉,112,3013,1619605,538,388,192,662,722.90,134.48
10014100,臺東縣,大武鄉,112,933,472315,506,396,205,637,469.42,92.73
10014090,臺東縣,太麻里鄉,112,1714,916131,534,394,206,639,601.40,112.52
10014070,臺東縣,東河鄉,112,1201,672697,560,392,187,693,908.35,162.17
10014080,臺東縣,長濱鄉,112,995,529902,533,367,187,649,871.09,163.57
10014050,臺東縣,鹿野鄉,112,1203,700787,583,391,213,677,788.82,135.41
10014060,臺東縣,池上鄉,112,1362,803825,590,387,200,712,699.70,118.56
10014110,臺東縣,綠島鄉,112,1083,683012,631,488,209,836,611.98,97.04
10014130,臺東縣,延平鄉,112,660,340228,515,432,260,657,423.67,82.19
10014120,臺東縣,海端鄉,112,727,366066,504,423,234,674,386.26,76.71
10014150,臺東縣,達仁鄉,112,558,298883,536,440,245,702,417.96,78.03
10014140,臺東縣,金峰鄉,112,674,351585,522,415,227,674,672.32,128.89
10014160,臺東縣,蘭嶼鄉,112,945,527132,558,434,196,745,567.31,101.70
10016010,澎湖縣,馬公市,112,18985,14768463,778,588,295,990,799.42,102.77
10016020,澎湖縣,湖西鄉,112,4566,3073676,673,543,296,828,628.25,93.33
10016030,澎湖縣,白沙鄉,112,2223,1443797,649,522,248,822,653.08,100.55
10016040,澎湖縣,西嶼鄉,112,1619,1130725,698,534,254,879,720.86,103.21
10016050,澎湖縣,望安鄉,112,1282,886192,691,537,265,915,724.63,104.83
10016060,澎湖縣,七美鄉,112,884,644976,730,565,272,972,737.98,101.15
09020010,金門縣,金城鎮,112,14115,11791395,835,580,286,1066,908.37,108.74
09020040,金門縣,金寧鄉,112,11271,8827076,783,553,273,980,932.73,119.10
09020030,金門縣,金湖鎮,112,10627,8849460,833,596,310,1012,1024.28,123.00
09020020,金門縣,金沙鎮,112,6709,5298970,790,547,279,995,885.23,112.08
09020050,金門縣,烈嶼鄉,112,4152,3169558,763,546,283,914,910.08,119.22
09020060,金門縣,烏坵鄉,112,220,184216,837,658,287,1060,790.53,94.41
09007010,連江縣,南竿鄉,112,2843,2503843,881,664,390,1100,930.28,105.63
09007020,連江縣,北竿鄉,112,1108,841028,759,598,344,927,705.51,92.95
09007030,連江縣,莒光鄉,112,589,460630,782,633,341,996,695.54,88.94
09007040,連江縣,東引鄉,112,712,554155,778,654,471,959,567.60,72.93
