行政區代碼,縣市,鄉鎮市區,109年底人口,114年底人口,近5年人口成長率_百分比,統計基準人口_11506,遷入人數_近12月,遷出人數_近12月,淨遷入人數_近12月,淨遷入率_千分比,出生數_近12月,死亡數_近12月,粗出生率_千分比,粗死亡率_千分比,自然增加率_千分比
09007010,連江縣,南竿鄉,7638,7629,-0.12,7635,597,577,20,2.62,36,43,4.72,5.63,-0.92
09007020,連江縣,北竿鄉,2717,2930,7.84,2878,250,316,-66,-22.93,14,13,4.86,4.52,0.35
09007030,連江縣,莒光鄉,1489,1537,3.22,1583,164,110,54,34.11,4,8,2.53,5.05,-2.53
09007040,連江縣,東引鄉,1435,1525,6.27,1547,166,127,39,25.21,7,6,4.52,3.88,0.65
09020010,金門縣,金城鎮,43000,40998,-4.66,40419,1423,2135,-712,-17.62,151,293,3.74,7.25,-3.51
09020020,金門縣,金沙鎮,20732,19840,-4.3,19674,647,921,-274,-13.93,50,158,2.54,8.03,-5.49
09020030,金門縣,金湖鎮,30400,30545,0.48,30250,1269,1551,-282,-9.32,162,177,5.36,5.85,-0.5
09020040,金門縣,金寧鄉,33070,35287,6.7,34887,2119,2338,-219,-6.28,139,204,3.98,5.85,-1.86
09020050,金門縣,烈嶼鄉,12733,12050,-5.36,11890,379,571,-192,-16.15,29,98,2.44,8.24,-5.8
09020060,金門縣,烏坵鄉,662,593,-10.42,596,21,25,-4,-6.71,2,2,3.36,3.36,0.0
10002010,宜蘭縣,宜蘭市,95395,94561,-0.87,94124,3623,3946,-323,-3.43,272,721,2.89,7.66,-4.77
10002020,宜蘭縣,羅東鎮,71484,68960,-3.53,68482,3054,3665,-611,-8.92,240,517,3.5,7.55,-4.04
10002030,宜蘭縣,蘇澳鎮,38864,36413,-6.31,36274,1099,1200,-101,-2.78,111,422,3.06,11.63,-8.57
10002040,宜蘭縣,頭城鎮,28819,27868,-3.3,27969,1009,908,101,3.61,118,284,4.22,10.15,-5.94
10002050,宜蘭縣,礁溪鄉,35274,36629,3.84,36528,1766,1647,119,3.26,164,352,4.49,9.64,-5.15
10002060,宜蘭縣,壯圍鄉,24366,24479,0.46,24531,1112,953,159,6.48,125,257,5.1,10.48,-5.38
10002070,宜蘭縣,員山鄉,32258,32226,-0.1,32281,1527,1282,245,7.59,128,290,3.97,8.98,-5.02
10002080,宜蘭縣,冬山鄉,53024,52938,-0.16,52787,2329,2283,46,0.87,202,483,3.83,9.15,-5.32
10002090,宜蘭縣,五結鄉,40297,41737,3.57,41766,2057,1928,129,3.09,218,383,5.22,9.17,-3.95
10002100,宜蘭縣,三星鄉,21215,21356,0.66,21474,1197,881,316,14.72,55,247,2.56,11.5,-8.94
10002110,宜蘭縣,大同鄉,6137,5998,-2.26,6047,381,265,116,19.18,61,74,10.09,12.24,-2.15
10002120,宜蘭縣,南澳鄉,5954,6171,3.64,6250,408,255,153,24.48,85,53,13.6,8.48,5.12
10004010,新竹縣,竹北市,200782,220973,10.06,220985,6505,6136,369,1.67,1095,883,4.96,4.0,0.96
10004020,新竹縣,竹東鎮,97100,97894,0.82,97532,2810,3162,-352,-3.61,404,768,4.14,7.87,-3.73
10004030,新竹縣,新埔鎮,33027,33561,1.62,33226,1091,1323,-232,-6.98,114,354,3.43,10.65,-7.22
10004040,新竹縣,關西鎮,27775,26011,-6.35,27403,2167,672,1495,54.56,90,349,3.28,12.74,-9.45
10004050,新竹縣,湖口鄉,78971,84963,7.59,85075,3423,2617,806,9.47,399,608,4.69,7.15,-2.46
10004060,新竹縣,新豐鄉,57511,59839,4.05,60066,2388,1932,456,7.59,163,393,2.71,6.54,-3.83
10004070,新竹縣,芎林鄉,19872,20385,2.58,20353,719,727,-8,-0.39,78,166,3.83,8.16,-4.32
10004080,新竹縣,橫山鄉,12547,11901,-5.15,11937,474,308,166,13.91,45,173,3.77,14.49,-10.72
10004090,新竹縣,北埔鄉,9035,8289,-8.26,8230,225,266,-41,-4.98,38,115,4.62,13.97,-9.36
10004100,新竹縣,寶山鄉,14619,14588,-0.21,14567,692,649,43,2.95,80,108,5.49,7.41,-1.92
10004110,新竹縣,峨眉鄉,5403,4970,-8.01,4945,167,144,23,4.65,9,80,1.82,16.18,-14.36
10004120,新竹縣,尖石鄉,9646,9464,-1.89,9522,539,404,135,14.18,101,100,10.61,10.5,0.11
10004130,新竹縣,五峰鄉,4487,4397,-2.01,4419,277,208,69,15.61,31,68,7.02,15.39,-8.37
10005010,苗栗縣,苗栗市,87671,85838,-2.09,85450,2274,2329,-55,-0.64,289,811,3.38,9.49,-6.11
10005020,苗栗縣,苑裡鎮,44562,43237,-2.97,42946,1088,1219,-131,-3.05,130,471,3.03,10.97,-7.94
10005030,苗栗縣,通霄鎮,33061,30618,-7.39,30492,705,756,-51,-1.67,187,383,6.13,12.56,-6.43
10005040,苗栗縣,竹南鎮,87190,91538,4.99,91553,3179,2558,621,6.78,374,649,4.09,7.09,-3.0
10005050,苗栗縣,頭份市,104441,108231,3.63,108234,3427,3117,310,2.86,499,784,4.61,7.24,-2.63
10005060,苗栗縣,後龍鎮,35221,33531,-4.8,33419,918,903,15,0.45,116,389,3.47,11.64,-8.17
10005070,苗栗縣,卓蘭鎮,16196,14483,-10.58,14331,282,417,-135,-9.42,55,213,3.84,14.86,-11.03
10005080,苗栗縣,大湖鄉,13884,12310,-11.34,12160,258,392,-134,-11.02,35,182,2.88,14.97,-12.09
10005090,苗栗縣,公館鄉,32397,30461,-5.98,30297,798,915,-117,-3.86,92,324,3.04,10.69,-7.66
10005100,苗栗縣,銅鑼鄉,17279,16079,-6.94,16174,542,422,120,7.42,53,181,3.28,11.19,-7.91
10005110,苗栗縣,南庄鄉,9573,8576,-10.41,8577,276,200,76,8.86,48,141,5.6,16.44,-10.84
10005120,苗栗縣,頭屋鄉,10240,9354,-8.65,9352,283,316,-33,-3.53,23,114,2.46,12.19,-9.73
10005130,苗栗縣,三義鄉,15665,14485,-7.53,14411,316,393,-77,-5.34,52,165,3.61,11.45,-7.84
10005140,苗栗縣,西湖鄉,6729,5875,-12.69,5843,150,176,-26,-4.45,20,91,3.42,15.57,-12.15
10005150,苗栗縣,造橋鄉,12177,11548,-5.17,11480,425,441,-16,-1.39,27,155,2.35,13.5,-11.15
10005160,苗栗縣,三灣鄉,6364,5664,-11.0,5700,206,149,57,10.0,17,94,2.98,16.49,-13.51
10005170,苗栗縣,獅潭鄉,4158,3943,-5.17,3936,163,120,43,10.92,12,97,3.05,24.64,-21.6
10005180,苗栗縣,泰安鄉,5782,5401,-6.59,5436,230,202,28,5.15,45,79,8.28,14.53,-6.25
10007010,彰化縣,彰化市,231317,220487,-4.68,219165,4239,6017,-1778,-8.11,958,1766,4.37,8.06,-3.69
10007020,彰化縣,鹿港鎮,86550,82212,-5.01,81758,1564,2186,-622,-7.61,419,698,5.12,8.54,-3.41
10007030,彰化縣,和美鎮,90095,86635,-3.84,86144,1868,2411,-543,-6.3,430,660,4.99,7.66,-2.67
10007040,彰化縣,線西鄉,16665,16014,-3.91,16001,398,416,-18,-1.12,93,149,5.81,9.31,-3.5
10007050,彰化縣,伸港鄉,37740,38146,1.08,37933,690,1022,-332,-8.75,286,289,7.54,7.62,-0.08
10007060,彰化縣,福興鄉,46399,44284,-4.56,44010,968,1309,-341,-7.75,244,413,5.54,9.38,-3.84
10007070,彰化縣,秀水鄉,38872,37356,-3.9,37139,796,1091,-295,-7.94,198,282,5.33,7.59,-2.26
10007080,彰化縣,花壇鄉,45232,42816,-5.34,43005,1363,1134,229,5.32,188,388,4.37,9.02,-4.65
10007090,彰化縣,芬園鄉,23188,21334,-8.0,21198,577,762,-185,-8.73,116,245,5.47,11.56,-6.09
10007100,彰化縣,員林市,124263,122148,-1.7,121690,3292,3750,-458,-3.76,598,973,4.91,8.0,-3.08
10007110,彰化縣,溪湖鎮,54814,52832,-3.62,52613,1268,1526,-258,-4.9,319,465,6.06,8.84,-2.77
10007120,彰化縣,田中鎮,40717,38273,-6.0,38062,911,1170,-259,-6.8,171,416,4.49,10.93,-6.44
10007130,彰化縣,大村鄉,38457,38919,1.2,38574,1010,1430,-420,-10.89,214,335,5.55,8.68,-3.14
10007140,彰化縣,埔鹽鄉,31919,30041,-5.88,29869,618,911,-293,-9.81,163,342,5.46,11.45,-5.99
10007150,彰化縣,埔心鄉,34451,33082,-3.97,32946,958,1043,-85,-2.58,129,329,3.92,9.99,-6.07
10007160,彰化縣,永靖鄉,36300,34177,-5.85,34053,783,939,-156,-4.58,140,317,4.11,9.31,-5.2
10007170,彰化縣,社頭鄉,42436,40272,-5.1,40125,902,1064,-162,-4.04,211,365,5.26,9.1,-3.84
10007180,彰化縣,二水鄉,14642,13220,-9.71,13102,271,375,-104,-7.94,48,199,3.66,15.19,-11.52
10007190,彰化縣,北斗鎮,33358,33099,-0.78,32931,873,1083,-210,-6.38,192,319,5.83,9.69,-3.86
10007200,彰化縣,二林鎮,49687,46419,-6.58,46080,1306,1734,-428,-9.29,219,528,4.75,11.46,-6.71
10007210,彰化縣,田尾鄉,26691,25251,-5.4,25015,565,749,-184,-7.36,105,300,4.2,11.99,-7.8
10007220,彰化縣,埤頭鄉,30072,27997,-6.9,27742,565,862,-297,-10.71,140,277,5.05,9.98,-4.94
10007230,彰化縣,芳苑鄉,32720,29880,-8.68,29651,717,864,-147,-4.96,118,429,3.98,14.47,-10.49
10007240,彰化縣,大城鄉,16119,14146,-12.24,14039,333,409,-76,-5.41,61,245,4.35,17.45,-13.11
10007250,彰化縣,竹塘鄉,14808,13918,-6.01,13887,505,490,15,1.08,52,152,3.74,10.95,-7.2
10007260,彰化縣,溪州鄉,29158,27248,-6.55,26994,593,802,-209,-7.74,130,343,4.82,12.71,-7.89
10008010,南投縣,南投市,99081,96229,-2.88,95723,2708,3402,-694,-7.25,403,854,4.21,8.92,-4.71
10008020,南投縣,埔里鎮,79191,75613,-4.52,75761,2389,2195,194,2.56,287,817,3.79,10.78,-7.0
10008030,南投縣,草屯鎮,97489,97724,0.24,98148,3640,2445,1195,12.18,528,856,5.38,8.72,-3.34
10008040,南投縣,竹山鎮,53464,49905,-6.66,49633,1206,1374,-168,-3.38,135,614,2.72,12.37,-9.65
10008050,南投縣,集集鎮,10461,9882,-5.53,10375,1191,340,851,82.02,35,155,3.37,14.94,-11.57
10008060,南投縣,名間鄉,37507,34557,-7.87,34226,777,1114,-337,-9.85,107,439,3.13,12.83,-9.7
10008070,南投縣,鹿谷鄉,17231,15454,-10.31,15358,441,496,-55,-3.58,55,220,3.58,14.32,-10.74
10008080,南投縣,中寮鄉,14301,12825,-10.32,12744,426,472,-46,-3.61,29,205,2.28,16.09,-13.81
10008090,南投縣,魚池鄉,15466,14098,-8.85,13998,431,455,-24,-1.71,44,213,3.14,15.22,-12.07
10008100,南投縣,國姓鄉,17965,15963,-11.14,15794,359,512,-153,-9.69,31,269,1.96,17.03,-15.07
10008110,南投縣,水里鄉,16980,15452,-9.0,15316,455,606,-151,-9.86,40,218,2.61,14.23,-11.62
10008120,南投縣,信義鄉,15878,14886,-6.25,14806,408,522,-114,-7.7,110,183,7.43,12.36,-4.93
10008130,南投縣,仁愛鄉,15818,15293,-3.32,15200,728,737,-9,-0.59,104,165,6.84,10.86,-4.01
10009010,雲林縣,斗六市,108677,109030,0.32,109000,3369,3300,69,0.63,563,896,5.17,8.22,-3.06
10009020,雲林縣,斗南鎮,44154,43322,-1.88,43225,1367,1413,-46,-1.06,247,427,5.71,9.88,-4.16
10009030,雲林縣,虎尾鎮,70899,71349,0.63,71157,2174,2279,-105,-1.48,423,623,5.94,8.76,-2.81
10009040,雲林縣,西螺鎮,45463,43975,-3.27,43773,1353,1522,-169,-3.86,301,466,6.88,10.65,-3.77
10009050,雲林縣,土庫鎮,28305,27234,-3.78,27136,908,839,69,2.54,142,349,5.23,12.86,-7.63
10009060,雲林縣,北港鎮,39089,37053,-5.21,36711,920,1337,-417,-11.36,212,441,5.77,12.01,-6.24
10009070,雲林縣,古坑鄉,30868,29193,-5.43,28911,822,1064,-242,-8.37,166,402,5.74,13.9,-8.16
10009080,雲林縣,大埤鄉,18604,17521,-5.82,17347,426,610,-184,-10.61,105,247,6.05,14.24,-8.19
10009090,雲林縣,莿桐鄉,28311,27201,-3.92,27096,707,871,-164,-6.05,200,294,7.38,10.85,-3.47
10009100,雲林縣,林內鄉,17434,16285,-6.59,16314,581,709,-128,-7.85,104,208,6.37,12.75,-6.37
10009110,雲林縣,二崙鄉,26029,24165,-7.16,23946,517,740,-223,-9.31,121,312,5.05,13.03,-7.98
10009120,雲林縣,崙背鄉,23784,22255,-6.43,22088,474,598,-124,-5.61,94,299,4.26,13.54,-9.28
10009130,雲林縣,麥寮鄉,47951,48815,1.8,48250,1035,1704,-669,-13.87,411,357,8.52,7.4,1.12
10009140,雲林縣,東勢鄉,14155,12885,-8.97,12806,297,400,-103,-8.04,73,200,5.7,15.62,-9.92
10009150,雲林縣,褒忠鄉,12477,11490,-7.91,11463,339,373,-34,-2.97,51,143,4.45,12.47,-8.03
10009160,雲林縣,臺西鄉,23012,20778,-9.71,20555,441,694,-253,-12.31,144,315,7.01,15.32,-8.32
10009170,雲林縣,元長鄉,24694,22478,-8.97,22354,558,685,-127,-5.68,113,340,5.06,15.21,-10.15
10009180,雲林縣,四湖鄉,22387,20210,-9.72,20068,531,666,-135,-6.73,121,322,6.03,16.05,-10.02
10009190,雲林縣,口湖鄉,26403,23945,-9.31,23824,564,747,-183,-7.68,154,363,6.46,15.24,-8.77
10009200,雲林縣,水林鄉,24177,21805,-9.81,21624,577,766,-189,-8.74,113,388,5.23,17.94,-12.72
10010010,嘉義縣,太保市,38536,39923,3.6,39687,1380,1317,63,1.59,186,339,4.69,8.54,-3.86
10010020,嘉義縣,朴子市,41669,39950,-4.13,39920,1214,1250,-36,-0.9,131,437,3.28,10.95,-7.67
10010030,嘉義縣,布袋鎮,25990,23589,-9.24,23265,418,713,-295,-12.68,64,345,2.75,14.83,-12.08
10010040,嘉義縣,大林鎮,30381,29542,-2.76,29511,1008,753,255,8.64,98,371,3.32,12.57,-9.25
10010050,嘉義縣,民雄鄉,71317,69716,-2.24,69482,1955,1935,20,0.29,181,712,2.6,10.25,-7.64
10010060,嘉義縣,溪口鄉,14055,12604,-10.32,12518,307,382,-75,-5.99,26,197,2.08,15.74,-13.66
10010070,嘉義縣,新港鄉,31162,29006,-6.92,28818,637,810,-173,-6.0,85,368,2.95,12.77,-9.82
10010080,嘉義縣,六腳鄉,22196,20044,-9.7,19877,522,565,-43,-2.16,72,369,3.62,18.56,-14.94
10010090,嘉義縣,東石鄉,23766,21671,-8.82,21551,533,534,-1,-0.05,63,363,2.92,16.84,-13.92
10010100,嘉義縣,義竹鄉,17602,15829,-10.07,15779,424,387,37,2.34,50,251,3.17,15.91,-12.74
10010110,嘉義縣,鹿草鄉,14913,13460,-9.74,13342,319,432,-113,-8.47,40,243,3.0,18.21,-15.22
10010120,嘉義縣,水上鄉,49012,46932,-4.24,46561,1488,1753,-265,-5.69,134,567,2.88,12.18,-9.3
10010130,嘉義縣,中埔鄉,44131,41673,-5.57,41203,1135,1612,-477,-11.58,130,488,3.16,11.84,-8.69
10010140,嘉義縣,竹崎鄉,34797,32160,-7.58,31969,696,809,-113,-3.53,93,428,2.91,13.39,-10.48
10010150,嘉義縣,梅山鄉,18687,17177,-8.08,17110,390,358,32,1.87,88,249,5.14,14.55,-9.41
10010160,嘉義縣,番路鄉,11180,10582,-5.35,10519,328,358,-30,-2.85,37,147,3.52,13.97,-10.46
10010170,嘉義縣,大埔鄉,4560,4160,-8.77,4139,88,132,-44,-10.63,16,31,3.87,7.49,-3.62
10010180,嘉義縣,阿里山鄉,5527,5163,-6.59,5153,118,121,-3,-0.58,38,68,7.37,13.2,-5.82
10013010,屏東縣,屏東市,197647,191466,-3.13,190641,5477,5881,-404,-2.12,743,1823,3.9,9.56,-5.67
10013020,屏東縣,潮州鎮,53842,53723,-0.22,53587,1900,1893,7,0.13,219,543,4.09,10.13,-6.05
10013030,屏東縣,東港鎮,46731,45879,-1.82,45663,1348,1384,-36,-0.79,176,454,3.85,9.94,-6.09
10013040,屏東縣,恆春鎮,30414,28770,-5.41,28502,742,1114,-372,-13.05,195,333,6.84,11.68,-4.84
10013050,屏東縣,萬丹鄉,50126,48586,-3.07,48583,1279,1238,41,0.84,184,474,3.79,9.76,-5.97
10013060,屏東縣,長治鄉,29470,29192,-0.94,29090,1132,1134,-2,-0.07,109,318,3.75,10.93,-7.18
10013070,屏東縣,麟洛鄉,10770,10406,-3.38,10435,456,427,29,2.78,29,100,2.78,9.58,-6.8
10013080,屏東縣,九如鄉,21962,21420,-2.47,21355,640,625,15,0.7,98,228,4.59,10.68,-6.09
10013090,屏東縣,里港鄉,25707,24948,-2.95,24806,660,793,-133,-5.36,170,278,6.85,11.21,-4.35
10013100,屏東縣,鹽埔鄉,24999,23106,-7.57,22940,549,713,-164,-7.15,79,298,3.44,12.99,-9.55
10013110,屏東縣,高樹鄉,23775,21935,-7.74,21704,492,665,-173,-7.97,110,335,5.07,15.43,-10.37
10013120,屏東縣,萬巒鄉,20189,18654,-7.6,18514,539,637,-98,-5.29,79,276,4.27,14.91,-10.64
10013130,屏東縣,內埔鄉,53330,52760,-1.07,52545,1790,1724,66,1.26,259,633,4.93,12.05,-7.12
10013140,屏東縣,竹田鄉,16615,15363,-7.54,15351,613,592,21,1.37,59,201,3.84,13.09,-9.25
10013150,屏東縣,新埤鄉,9561,8983,-6.05,8957,310,338,-28,-3.13,41,154,4.58,17.19,-12.62
10013160,屏東縣,枋寮鄉,23680,22321,-5.74,22177,578,677,-99,-4.46,74,305,3.34,13.75,-10.42
10013170,屏東縣,新園鄉,33939,31703,-6.59,31500,784,975,-191,-6.06,163,397,5.17,12.6,-7.43
10013180,屏東縣,崁頂鄉,15378,14459,-5.98,14319,762,803,-41,-2.86,32,170,2.23,11.87,-9.64
10013190,屏東縣,林邊鄉,17275,15821,-8.42,15693,383,497,-114,-7.26,72,215,4.59,13.7,-9.11
10013200,屏東縣,南州鄉,10364,9600,-7.37,9585,319,284,35,3.65,31,131,3.23,13.67,-10.43
10013210,屏東縣,佳冬鄉,18620,17323,-6.97,17173,448,532,-84,-4.89,83,245,4.83,14.27,-9.43
10013220,屏東縣,琉球鄉,12121,12076,-0.37,12103,466,357,109,9.01,56,136,4.63,11.24,-6.61
10013230,屏東縣,車城鄉,8278,7694,-7.05,7631,275,307,-32,-4.19,31,142,4.06,18.61,-14.55
10013240,屏東縣,滿州鄉,7471,6927,-7.28,6950,307,241,66,9.5,41,122,5.9,17.55,-11.65
10013250,屏東縣,枋山鄉,5240,4905,-6.39,4959,236,160,76,15.33,25,72,5.04,14.52,-9.48
10013260,屏東縣,三地門鄉,7689,7598,-1.18,7659,318,229,89,11.62,59,99,7.7,12.93,-5.22
10013270,屏東縣,霧臺鄉,3247,3166,-2.49,3157,122,122,0,0.0,27,46,8.55,14.57,-6.02
10013280,屏東縣,瑪家鄉,6768,6647,-1.79,6655,272,252,20,3.01,52,74,7.81,11.12,-3.31
10013290,屏東縣,泰武鄉,5351,5190,-3.01,5196,183,152,31,5.97,33,64,6.35,12.32,-5.97
10013300,屏東縣,來義鄉,7448,7282,-2.23,7267,214,233,-19,-2.61,57,66,7.84,9.08,-1.24
10013310,屏東縣,春日鄉,4947,4857,-1.82,4867,192,143,49,10.07,41,54,8.42,11.1,-2.67
10013320,屏東縣,獅子鄉,4839,4825,-0.29,4825,195,177,18,3.73,31,69,6.42,14.3,-7.88
10013330,屏東縣,牡丹鄉,4865,4671,-3.99,4707,234,178,56,11.9,24,61,5.1,12.96,-7.86
10014010,臺東縣,臺東市,104803,102681,-2.02,102241,2752,3042,-290,-2.84,555,988,5.43,9.66,-4.24
10014020,臺東縣,成功鎮,13505,12754,-5.56,12670,383,431,-48,-3.79,57,201,4.5,15.86,-11.37
10014030,臺東縣,關山鎮,8420,7757,-7.87,7720,251,279,-28,-3.63,38,112,4.92,14.51,-9.59
10014040,臺東縣,卑南鄉,16961,16264,-4.11,16227,735,737,-2,-0.12,84,243,5.18,14.98,-9.8
10014050,臺東縣,鹿野鄉,7601,6924,-8.91,6983,306,235,71,10.17,39,98,5.58,14.03,-8.45
10014060,臺東縣,池上鄉,8073,7529,-6.74,7467,189,258,-69,-9.24,44,118,5.89,15.8,-9.91
10014070,臺東縣,東河鄉,8203,7710,-6.01,7732,353,247,106,13.71,23,132,2.97,17.07,-14.1
10014080,臺東縣,長濱鄉,6926,6469,-6.6,6437,246,239,7,1.09,39,131,6.06,20.35,-14.29
10014090,臺東縣,太麻里鄉,10925,10375,-5.03,10450,472,365,107,10.24,58,147,5.55,14.07,-8.52
10014100,臺東縣,大武鄉,5727,5327,-6.98,5310,197,248,-51,-9.6,25,84,4.71,15.82,-11.11
10014110,臺東縣,綠島鄉,4026,4327,7.48,4331,296,255,41,9.47,23,39,5.31,9.0,-3.69
10014120,臺東縣,海端鄉,4105,4317,5.16,4318,203,211,-8,-1.85,46,51,10.65,11.81,-1.16
10014130,臺東縣,延平鄉,3549,3547,-0.06,3609,175,118,57,15.79,39,43,10.81,11.91,-1.11
10014140,臺東縣,金峰鄉,3699,3682,-0.46,3691,170,150,20,5.42,34,35,9.21,9.48,-0.27
10014150,臺東縣,達仁鄉,3489,3437,-1.49,3497,229,144,85,24.31,41,31,11.72,8.86,2.86
10014160,臺東縣,蘭嶼鄉,5249,5220,-0.55,5175,203,265,-62,-11.98,35,36,6.76,6.96,-0.19
10015010,花蓮縣,花蓮市,102539,96860,-5.54,96054,3920,4813,-893,-9.3,276,867,2.87,9.03,-6.15
10015020,花蓮縣,鳳林鎮,10821,10136,-6.33,10088,348,377,-29,-2.87,65,147,6.44,14.57,-8.13
10015030,花蓮縣,玉里鎮,23381,21277,-9.0,21058,626,706,-80,-3.8,69,362,3.28,17.19,-13.91
10015040,花蓮縣,新城鄉,20058,20492,2.16,20393,1260,1170,90,4.41,97,203,4.76,9.95,-5.2
10015050,花蓮縣,吉安鄉,83507,83004,-0.6,82688,3371,3464,-93,-1.12,355,762,4.29,9.22,-4.92
10015060,花蓮縣,壽豐鄉,17589,16628,-5.46,16574,619,644,-25,-1.51,75,253,4.53,15.26,-10.74
10015070,花蓮縣,光復鄉,12369,11478,-7.2,11548,665,366,299,25.89,33,197,2.86,17.06,-14.2
10015080,花蓮縣,豐濱鄉,4376,4082,-6.72,4079,143,123,20,4.9,15,71,3.68,17.41,-13.73
10015090,花蓮縣,瑞穗鄉,11312,10388,-8.17,10331,332,364,-32,-3.1,32,164,3.1,15.87,-12.78
10015100,花蓮縣,富里鄉,10004,9386,-6.18,9366,290,310,-20,-2.14,76,147,8.11,15.7,-7.58
10015110,花蓮縣,秀林鄉,16143,17178,6.41,17214,810,690,120,6.97,167,170,9.7,9.88,-0.17
10015120,花蓮縣,萬榮鄉,6237,6047,-3.05,6080,319,248,71,11.68,50,84,8.22,13.82,-5.59
10015130,花蓮縣,卓溪鄉,6036,5851,-3.06,5817,198,226,-28,-4.81,57,103,9.8,17.71,-7.91
10016010,澎湖縣,馬公市,63206,63282,0.12,62726,2541,3014,-473,-7.54,296,480,4.72,7.65,-2.93
10016020,澎湖縣,湖西鄉,15230,16131,5.92,16219,1043,813,230,14.18,101,161,6.23,9.93,-3.7
10016030,澎湖縣,白沙鄉,9907,10084,1.79,10149,577,354,223,21.97,65,111,6.4,10.94,-4.53
10016040,澎湖縣,西嶼鄉,8353,8039,-3.76,8096,383,248,135,16.67,48,112,5.93,13.83,-7.91
10016050,澎湖縣,望安鄉,5371,5266,-1.95,5366,342,235,107,19.94,27,63,5.03,11.74,-6.71
10016060,澎湖縣,七美鄉,3885,3914,0.75,3994,279,142,137,34.3,28,41,7.01,10.27,-3.25
10017010,基隆市,中正區,51224,51542,0.62,51373,2522,2285,237,4.61,154,517,3.0,10.06,-7.07
10017020,基隆市,七堵區,53615,52169,-2.7,52094,1644,1629,15,0.29,128,478,2.46,9.18,-6.72
10017030,基隆市,暖暖區,38548,38462,-0.22,38389,1678,1467,211,5.5,107,297,2.79,7.74,-4.95
10017040,基隆市,仁愛區,42787,39689,-7.24,39414,2029,2247,-218,-5.53,83,473,2.11,12.0,-9.89
10017050,基隆市,中山區,46459,45556,-1.94,45342,1597,1692,-95,-2.1,127,449,2.8,9.9,-7.1
10017060,基隆市,安樂區,81776,79850,-2.36,79629,2785,2911,-126,-1.58,214,698,2.69,8.77,-6.08
10017070,基隆市,信義區,53168,52568,-1.13,52333,2350,2458,-108,-2.06,163,495,3.11,9.46,-6.34
10018010,新竹市,東區,220056,222219,0.98,221916,7337,8055,-718,-3.24,1072,1178,4.83,5.31,-0.48
10018020,新竹市,北區,152612,153915,0.85,154187,5974,5205,769,4.99,737,1107,4.78,7.18,-2.4
10018030,新竹市,香山區,78744,79606,1.09,79652,3214,2712,502,6.3,411,562,5.16,7.06,-1.9
10020010,嘉義市,東區,119715,116567,-2.63,116540,4825,4397,428,3.67,435,1000,3.73,8.58,-4.85
10020020,嘉義市,西區,146290,145025,-0.86,144957,5630,4564,1066,7.35,601,1211,4.15,8.35,-4.21
63000010,臺北市,松山區,200316,187318,-6.49,186478,8797,10445,-1648,-8.84,797,1441,4.27,7.73,-3.45
63000020,臺北市,信義區,215240,201446,-6.41,199927,8637,10471,-1834,-9.17,928,1700,4.64,8.5,-3.86
63000030,臺北市,大安區,302644,282328,-6.71,280877,13867,16506,-2639,-9.4,1215,2091,4.33,7.44,-3.12
63000040,臺北市,中山區,223876,212152,-5.24,210913,10462,12074,-1612,-7.64,1018,1595,4.83,7.56,-2.74
63000050,臺北市,中正區,155397,144109,-7.26,143569,8594,10085,-1491,-10.39,652,1096,4.54,7.63,-3.09
63000060,臺北市,大同區,123849,116618,-5.84,115920,5360,6462,-1102,-9.51,593,1013,5.12,8.74,-3.62
63000070,臺北市,萬華區,183088,168675,-7.87,167356,7593,8658,-1065,-6.36,750,1801,4.48,10.76,-6.28
63000080,臺北市,文山區,268130,253822,-5.34,252582,9390,10935,-1545,-6.12,1112,1920,4.4,7.6,-3.2
63000090,臺北市,南港區,118758,111239,-6.33,111268,6189,5847,342,3.07,569,827,5.11,7.43,-2.32
63000100,臺北市,內湖區,282525,267959,-5.16,266274,9102,11953,-2851,-10.71,1316,1628,4.94,6.11,-1.17
63000110,臺北市,士林區,278451,258163,-7.29,256351,8562,11246,-2684,-10.47,1133,2072,4.42,8.08,-3.66
63000120,臺北市,北投區,250144,235678,-5.78,234449,8168,10052,-1884,-8.04,1054,1818,4.5,7.75,-3.26
64000010,高雄市,鹽埕區,23553,21871,-7.14,21696,1043,1163,-120,-5.53,52,302,2.4,13.92,-11.52
64000020,高雄市,鼓山區,141488,140791,-0.49,140350,5781,6239,-458,-3.26,573,1037,4.08,7.39,-3.31
64000030,高雄市,左營區,197306,197621,0.16,197528,9270,8936,334,1.69,754,1402,3.82,7.1,-3.28
64000040,高雄市,楠梓區,189426,195613,3.27,195295,6947,6767,180,0.92,975,1406,4.99,7.2,-2.21
64000050,高雄市,三民區,336868,328827,-2.39,327925,13017,12700,317,0.97,1265,2698,3.86,8.23,-4.37
64000060,高雄市,新興區,50490,49380,-2.2,49480,3174,2802,372,7.52,152,556,3.07,11.24,-8.16
64000070,高雄市,前金區,26668,27670,3.76,27545,1707,1593,114,4.14,100,305,3.63,11.07,-7.44
64000080,高雄市,苓雅區,167280,161185,-3.64,160389,7020,7654,-634,-3.95,560,1603,3.49,9.99,-6.5
64000090,高雄市,前鎮區,185828,176845,-4.83,175745,6546,7570,-1024,-5.83,628,1715,3.57,9.76,-6.19
64000100,高雄市,旗津區,27785,24906,-10.36,24574,506,852,-346,-14.08,113,310,4.6,12.61,-8.02
64000110,高雄市,小港區,157356,153310,-2.57,153018,4697,4397,300,1.96,664,1246,4.34,8.14,-3.8
64000120,高雄市,鳳山區,359576,353000,-1.83,352081,11679,12758,-1079,-3.06,1493,2788,4.24,7.92,-3.68
64000130,高雄市,林園區,69478,67341,-3.08,67021,1666,1852,-186,-2.78,309,671,4.61,10.01,-5.4
64000140,高雄市,大寮區,112265,112239,-0.02,111918,4278,4164,114,1.02,515,1026,4.6,9.17,-4.57
64000150,高雄市,大樹區,41764,39906,-4.45,39805,1217,1146,71,1.78,147,463,3.69,11.63,-7.94
64000160,高雄市,大社區,34324,33741,-1.7,33563,1156,1253,-97,-2.89,164,302,4.89,9.0,-4.11
64000170,高雄市,仁武區,91893,100311,9.16,100627,4848,3992,856,8.51,612,722,6.08,7.18,-1.09
64000180,高雄市,鳥松區,44938,43703,-2.75,43407,2083,2401,-318,-7.33,192,361,4.42,8.32,-3.89
64000190,高雄市,岡山區,96841,94624,-2.29,94265,2586,2825,-239,-2.54,400,782,4.24,8.3,-4.05
64000200,高雄市,橋頭區,38955,43341,11.26,43508,2042,1647,395,9.08,227,361,5.22,8.3,-3.08
64000210,高雄市,燕巢區,29493,28348,-3.88,28245,913,922,-9,-0.32,120,346,4.25,12.25,-8.0
64000220,高雄市,田寮區,6919,6125,-11.48,6047,129,165,-36,-5.95,14,125,2.32,20.67,-18.36
64000230,高雄市,阿蓮區,28331,26785,-5.46,26585,567,677,-110,-4.14,101,264,3.8,9.93,-6.13
64000240,高雄市,路竹區,51726,48906,-5.45,48624,953,1385,-432,-8.88,215,473,4.42,9.73,-5.31
64000250,高雄市,湖內區,29882,29295,-1.96,29203,968,995,-27,-0.92,135,299,4.62,10.24,-5.62
64000260,高雄市,茄萣區,29960,28732,-4.1,28528,596,719,-123,-4.31,140,319,4.91,11.18,-6.27
64000270,高雄市,永安區,13705,13510,-1.42,13403,306,429,-123,-9.18,72,130,5.37,9.7,-4.33
64000280,高雄市,彌陀區,18872,17715,-6.13,17649,384,489,-105,-5.95,84,205,4.76,11.62,-6.86
64000290,高雄市,梓官區,35517,34701,-2.3,34540,1094,1067,27,0.78,140,371,4.05,10.74,-6.69
64000300,高雄市,旗山區,35764,33368,-6.7,33145,835,1024,-189,-5.7,111,429,3.35,12.94,-9.59
64000310,高雄市,美濃區,38611,36074,-6.57,35846,879,975,-96,-2.68,120,563,3.35,15.71,-12.36
64000320,高雄市,六龜區,12391,11286,-8.92,11105,265,394,-129,-11.62,38,179,3.42,16.12,-12.7
64000330,高雄市,甲仙區,5877,5279,-10.18,5225,99,150,-51,-9.76,18,84,3.44,16.08,-12.63
64000340,高雄市,杉林區,11541,10569,-8.42,10436,326,395,-69,-6.61,38,183,3.64,17.54,-13.89
64000350,高雄市,內門區,13976,12519,-10.43,12483,284,324,-40,-3.2,55,211,4.41,16.9,-12.5
64000360,高雄市,茂林區,1915,1846,-3.6,1898,111,47,64,33.72,20,17,10.54,8.96,1.58
64000370,高雄市,桃源區,4223,4151,-1.7,4175,188,147,41,9.82,36,50,8.62,11.98,-3.35
64000380,高雄市,那瑪夏區,3147,3111,-1.14,3096,102,107,-5,-1.61,24,43,7.75,13.89,-6.14
65000010,新北市,板橋區,557114,549762,-1.32,548557,16985,18027,-1042,-1.9,1959,3862,3.57,7.04,-3.47
65000020,新北市,三重區,385328,382778,-0.66,382544,14196,13147,1049,2.74,1410,3009,3.69,7.87,-4.18
65000030,新北市,中和區,411214,403791,-1.81,402532,15784,16281,-497,-1.23,1327,3146,3.3,7.82,-4.52
65000040,新北市,永和區,219364,211536,-3.57,210549,8992,10017,-1025,-4.87,540,1600,2.56,7.6,-5.03
65000050,新北市,新莊區,422653,421239,-0.33,420056,12346,13489,-1143,-2.72,1659,2660,3.95,6.33,-2.38
65000060,新北市,新店區,303532,306884,1.1,305911,12002,11619,383,1.25,977,2426,3.19,7.93,-4.74
65000070,新北市,樹林區,183470,177412,-3.3,176570,5620,6528,-908,-5.14,728,1209,4.12,6.85,-2.72
65000080,新北市,鶯歌區,87674,89501,2.08,89361,3309,3427,-118,-1.32,413,657,4.62,7.35,-2.73
65000090,新北市,三峽區,116917,115009,-1.63,115133,4020,3864,156,1.35,467,874,4.06,7.59,-3.54
65000100,新北市,淡水區,183278,208004,13.49,209578,11056,6698,4358,20.79,714,1408,3.41,6.72,-3.31
65000110,新北市,汐止區,205847,212758,3.36,212430,8473,7950,523,2.46,748,1491,3.52,7.02,-3.5
65000120,新北市,瑞芳區,39077,35623,-8.84,35275,892,1227,-335,-9.5,122,459,3.46,13.01,-9.55
65000130,新北市,土城區,238277,242713,1.86,242662,9477,7802,1675,6.9,1062,1541,4.38,6.35,-1.97
65000140,新北市,蘆洲區,202456,196371,-3.01,195552,6203,7284,-1081,-5.53,746,1238,3.81,6.33,-2.52
65000150,新北市,五股區,89470,94717,5.86,94998,4729,3839,890,9.37,466,663,4.91,6.98,-2.07
65000160,新北市,泰山區,78412,78083,-0.42,78130,3215,2961,254,3.25,309,468,3.95,5.99,-2.04
65000170,新北市,林口區,121192,138461,14.25,139184,6716,5381,1335,9.59,711,692,5.11,4.97,0.14
65000180,新北市,深坑區,23723,23639,-0.35,23546,760,860,-100,-4.25,70,175,2.97,7.43,-4.46
65000190,新北市,石碇區,7565,6917,-8.57,6861,211,217,-6,-0.87,24,92,3.5,13.41,-9.91
65000200,新北市,坪林區,6703,6163,-8.06,6072,112,185,-73,-12.02,10,88,1.65,14.49,-12.85
65000210,新北市,三芝區,22540,22061,-2.13,21921,777,824,-47,-2.14,55,247,2.51,11.27,-8.76
65000220,新北市,石門區,11480,9994,-12.94,9890,214,325,-111,-11.22,31,112,3.13,11.32,-8.19
65000230,新北市,八里區,39741,43495,9.45,43448,1902,1700,202,4.65,175,299,4.03,6.88,-2.85
65000240,新北市,平溪區,4424,3900,-11.84,3881,146,147,-1,-0.26,9,88,2.32,22.67,-20.36
65000250,新北市,雙溪區,8468,7442,-12.12,7365,191,217,-26,-3.53,18,131,2.44,17.79,-15.34
65000260,新北市,貢寮區,11782,10445,-11.35,10311,180,302,-122,-11.83,27,150,2.62,14.55,-11.93
65000270,新北市,金山區,21127,19725,-6.64,19584,402,544,-142,-7.25,77,204,3.93,10.42,-6.48
65000280,新北市,萬里區,21710,20209,-6.91,20014,568,760,-192,-9.59,71,256,3.55,12.79,-9.24
65000290,新北市,烏來區,6416,6199,-3.38,6116,286,306,-20,-3.27,49,60,8.01,9.81,-1.8
66000010,臺中市,中區,18168,18029,-0.77,18064,1802,1602,200,11.07,42,160,2.33,8.86,-6.53
66000020,臺中市,東區,75913,77745,2.41,77723,4149,3714,435,5.6,290,653,3.73,8.4,-4.67
66000030,臺中市,南區,126769,128309,1.21,128182,6348,6031,317,2.47,461,813,3.6,6.34,-2.75
66000040,臺中市,西區,114583,113288,-1.13,113063,6326,6536,-210,-1.86,319,836,2.82,7.39,-4.57
66000050,臺中市,北區,146590,143537,-2.08,143312,7527,7046,481,3.36,471,1140,3.29,7.95,-4.67
66000060,臺中市,西屯區,231730,238052,2.73,238437,11249,10482,767,3.22,913,1306,3.83,5.48,-1.65
66000070,臺中市,南屯區,176062,186105,5.7,185950,8241,8127,114,0.61,770,969,4.14,5.21,-1.07
66000080,臺中市,北屯區,287344,317182,10.38,318503,15002,12278,2724,8.55,1447,1810,4.54,5.68,-1.14
66000090,臺中市,豐原區,166053,161771,-2.58,161039,4021,4520,-499,-3.1,642,1310,3.99,8.13,-4.15
66000100,臺中市,東勢區,49169,46488,-5.45,46223,1098,1279,-181,-3.92,135,530,2.92,11.47,-8.55
66000110,臺中市,大甲區,76130,73108,-3.97,72679,1635,2107,-472,-6.49,295,641,4.06,8.82,-4.76
66000120,臺中市,清水區,88009,90640,2.99,90604,3285,3016,269,2.97,366,778,4.04,8.59,-4.55
66000130,臺中市,沙鹿區,95226,101419,6.5,101634,4427,3699,728,7.16,529,626,5.2,6.16,-0.95
66000140,臺中市,梧棲區,59273,65685,10.82,67355,5287,2271,3016,44.78,331,398,4.91,5.91,-0.99
66000150,臺中市,后里區,54343,52754,-2.92,52631,1303,1313,-10,-0.19,210,464,3.99,8.82,-4.83
66000160,臺中市,神岡區,65529,63271,-3.45,63045,1839,2213,-374,-5.93,261,491,4.14,7.79,-3.65
66000170,臺中市,潭子區,109309,109314,0.0,109259,3963,3749,214,1.96,458,711,4.19,6.51,-2.32
66000180,臺中市,大雅區,95693,94741,-0.99,94389,2655,2925,-270,-2.86,387,623,4.1,6.6,-2.5
66000190,臺中市,新社區,24064,22579,-6.17,22487,537,539,-2,-0.09,73,278,3.25,12.36,-9.12
66000200,臺中市,石岡區,14670,13668,-6.83,13595,355,392,-37,-2.72,40,145,2.94,10.67,-7.72
66000210,臺中市,外埔區,31940,30823,-3.5,30657,921,960,-39,-1.27,133,282,4.34,9.2,-4.86
66000220,臺中市,大安區,18864,17487,-7.3,17344,380,498,-118,-6.8,63,204,3.63,11.76,-8.13
66000230,臺中市,烏日區,76494,82248,7.52,82327,3438,2941,497,6.04,379,535,4.6,6.5,-1.89
66000240,臺中市,大肚區,56777,55255,-2.68,54938,1485,1815,-330,-6.01,214,418,3.9,7.61,-3.71
66000250,臺中市,龍井區,78095,79241,1.47,79360,3181,2715,466,5.87,364,561,4.59,7.07,-2.48
66000260,臺中市,霧峰區,65094,62627,-3.79,62202,1638,2103,-465,-7.48,232,561,3.73,9.02,-5.29
66000270,臺中市,太平區,194970,201536,3.37,201561,8387,6928,1459,7.24,822,1373,4.08,6.81,-2.73
66000280,臺中市,大里區,213117,211094,-0.95,210455,6419,6781,-362,-1.72,788,1259,3.74,5.98,-2.24
66000290,臺中市,和平區,10809,10469,-3.15,10450,444,439,5,0.48,72,128,6.89,12.25,-5.36
67000010,臺南市,新營區,76331,74493,-2.41,74236,2229,2257,-28,-0.38,254,685,3.42,9.23,-5.81
67000020,臺南市,鹽水區,25001,23635,-5.46,23381,533,740,-207,-8.85,74,329,3.16,14.07,-10.91
67000030,臺南市,白河區,27245,24948,-8.43,24732,580,654,-74,-2.99,56,421,2.26,17.02,-14.76
67000040,臺南市,柳營區,20826,19831,-4.78,19726,583,589,-6,-0.3,68,266,3.45,13.48,-10.04
67000050,臺南市,後壁區,22755,20840,-8.42,20662,536,626,-90,-4.36,49,330,2.37,15.97,-13.6
67000060,臺南市,東山區,20152,18490,-8.25,18277,399,494,-95,-5.2,60,322,3.28,17.62,-14.33
67000070,臺南市,麻豆區,43713,42873,-1.92,42682,1089,1111,-22,-0.52,151,488,3.54,11.43,-7.9
67000080,臺南市,下營區,23452,21742,-7.29,21582,431,521,-90,-4.17,59,271,2.73,12.56,-9.82
67000090,臺南市,六甲區,21668,20880,-3.64,20711,493,659,-166,-8.02,66,216,3.19,10.43,-7.24
67000100,臺南市,官田區,21212,20527,-3.23,20500,582,526,56,2.73,80,243,3.9,11.85,-7.95
67000110,臺南市,大內區,9200,8427,-8.4,8381,205,196,9,1.07,20,159,2.39,18.97,-16.59
67000120,臺南市,佳里區,58785,58328,-0.78,58128,1667,1630,37,0.64,216,546,3.72,9.39,-5.68
67000130,臺南市,學甲區,25293,24365,-3.67,24294,620,579,41,1.69,82,317,3.38,13.05,-9.67
67000140,臺南市,西港區,24522,24811,1.18,24773,762,710,52,2.1,102,264,4.12,10.66,-6.54
67000150,臺南市,七股區,22142,20493,-7.45,20350,737,795,-58,-2.85,67,308,3.29,15.14,-11.84
67000160,臺南市,將軍區,19073,17598,-7.73,17476,418,534,-116,-6.64,45,260,2.57,14.88,-12.3
67000170,臺南市,北門區,10601,9436,-10.99,9358,214,251,-37,-3.95,16,136,1.71,14.53,-12.82
67000180,臺南市,新化區,43317,41932,-3.2,41835,1111,1060,51,1.22,160,401,3.82,9.59,-5.76
67000190,臺南市,善化區,50814,53888,6.05,53942,2091,1664,427,7.92,262,453,4.86,8.4,-3.54
67000200,臺南市,新市區,37660,38279,1.64,38274,1394,1254,140,3.66,171,282,4.47,7.37,-2.9
67000210,臺南市,安定區,30374,29783,-1.95,29679,953,929,24,0.81,110,296,3.71,9.97,-6.27
67000220,臺南市,山上區,7128,6796,-4.66,6733,150,203,-53,-7.87,28,107,4.16,15.89,-11.73
67000230,臺南市,玉井區,13602,12674,-6.82,12593,339,347,-8,-0.64,29,185,2.3,14.69,-12.39
67000240,臺南市,楠西區,9178,8392,-8.56,8297,180,221,-41,-4.94,18,151,2.17,18.2,-16.03
67000250,臺南市,南化區,8398,7606,-9.43,7516,172,245,-73,-9.71,21,122,2.79,16.23,-13.44
67000260,臺南市,左鎮區,4569,4095,-10.37,4071,177,118,59,14.49,8,87,1.97,21.37,-19.41
67000270,臺南市,仁德區,76385,77496,1.45,77633,3204,2933,271,3.49,283,580,3.65,7.47,-3.83
67000280,臺南市,歸仁區,68164,70574,3.54,71145,3036,2086,950,13.35,256,482,3.6,6.77,-3.18
67000290,臺南市,關廟區,33941,33198,-2.19,33045,908,851,57,1.72,128,375,3.87,11.35,-7.47
67000300,臺南市,龍崎區,3768,3234,-14.17,3190,87,101,-14,-4.39,3,64,0.94,20.06,-19.12
67000310,臺南市,永康區,235415,235805,0.17,235793,8080,7820,260,1.1,927,1570,3.93,6.66,-2.73
67000320,臺南市,東區,184958,180856,-2.22,179979,8032,8487,-455,-2.53,520,1242,2.89,6.9,-4.01
67000330,臺南市,南區,123789,119121,-3.77,118473,3613,4032,-419,-3.54,336,1145,2.84,9.66,-6.83
67000340,臺南市,北區,130094,125439,-3.58,125194,5637,5378,259,2.07,400,1013,3.2,8.09,-4.9
67000350,臺南市,安南區,195623,204534,4.56,204745,6156,5281,875,4.27,987,1494,4.82,7.3,-2.48
67000360,臺南市,安平區,67213,71256,6.02,71798,3853,2959,894,12.45,217,465,3.02,6.48,-3.45
67000370,臺南市,中西區,78556,75802,-3.51,74924,3650,4583,-933,-12.45,191,745,2.55,9.94,-7.39
68000010,桃園市,桃園區,457245,478487,4.65,478598,17665,15943,1722,3.6,2204,2934,4.61,6.13,-1.53
68000020,桃園市,中壢區,422471,439213,3.96,439096,16575,15132,1443,3.29,2250,2861,5.12,6.52,-1.39
68000030,桃園市,大溪區,95664,93799,-1.95,93374,3072,3539,-467,-5.0,474,815,5.08,8.73,-3.65
68000040,桃園市,楊梅區,175142,182837,4.39,183136,6731,5843,888,4.85,952,1221,5.2,6.67,-1.47
68000050,桃園市,蘆竹區,167060,170556,2.09,170522,6216,6251,-35,-0.21,837,982,4.91,5.76,-0.85
68000060,桃園市,大園區,93887,89713,-4.45,91103,6291,3857,2434,26.72,584,634,6.41,6.96,-0.55
68000070,桃園市,龜山區,164398,188328,14.56,189301,11320,8245,3075,16.24,1020,1271,5.39,6.71,-1.33
68000080,桃園市,八德區,209202,216058,3.28,216425,9511,8390,1121,5.18,1152,1524,5.32,7.04,-1.72
68000090,桃園市,龍潭區,124408,127360,2.37,126787,4185,4661,-476,-3.75,652,934,5.14,7.37,-2.22
68000100,桃園市,平鎮區,228611,228210,-0.18,227224,7938,9081,-1143,-5.03,1142,1496,5.03,6.58,-1.56
68000110,桃園市,新屋區,49333,49723,0.79,49784,2045,1658,387,7.77,249,499,5.0,10.02,-5.02
68000120,桃園市,觀音區,69032,77526,12.3,78033,4592,3025,1567,20.08,464,576,5.95,7.38,-1.44
68000130,桃園市,復興區,12354,13296,7.63,13235,695,622,73,5.52,127,135,9.6,10.2,-0.6
