行政區代碼,縣市,鄉鎮市區,統計年月,戶數,人口數,平均戶量,土地面積_km2,人口密度_人每km2,面積密度統計年
09007010,連江縣,南竿鄉,11506,2408,7635,3.171,10.4,733.5576923,114
09007020,連江縣,北竿鄉,11506,962,2878,2.992,9.9,295.959596,114
09007030,連江縣,莒光鄉,11506,379,1583,4.177,4.7,327.0212766,114
09007040,連江縣,東引鄉,11506,380,1547,4.071,3.8,401.3157895,114
09020010,金門縣,金城鎮,11506,13921,40419,2.903,21.713,1888.177589,114
09020020,金門縣,金沙鎮,11506,7018,19674,2.803,41.19,481.6703083,114
09020030,金門縣,金湖鎮,11506,10619,30250,2.849,41.696,732.5642748,114
09020040,金門縣,金寧鄉,11506,11824,34887,2.951,29.854,1181.985664,114
09020050,金門縣,烈嶼鄉,11506,3466,11890,3.43,16.003,752.9838155,114
09020060,金門縣,烏坵鄉,11506,131,596,4.55,1.2,494.1666667,114
10002010,宜蘭縣,宜蘭市,11506,41360,94124,2.276,29.408,3215.485582,114
10002020,宜蘭縣,羅東鎮,11506,28937,68482,2.367,11.3448,6078.555814,114
10002030,宜蘭縣,蘇澳鎮,11506,15258,36274,2.377,89.0196,409.0447497,114
10002040,宜蘭縣,頭城鎮,11506,11629,27969,2.405,100.893,276.2134142,114
10002050,宜蘭縣,礁溪鄉,11506,17858,36528,2.045,101.4278,361.1337326,114
10002060,宜蘭縣,壯圍鄉,11506,10406,24531,2.357,38.4769,636.1999018,114
10002070,宜蘭縣,員山鄉,11506,13742,32281,2.349,111.9106,287.9619982,114
10002080,宜蘭縣,冬山鄉,11506,22530,52787,2.343,79.8573,662.9074612,114
10002090,宜蘭縣,五結鄉,11506,18703,41766,2.233,38.8671,1073.838799,114
10002100,宜蘭縣,三星鄉,11506,10217,21474,2.102,144.2238,148.0754217,114
10002110,宜蘭縣,大同鄉,11506,2099,6047,2.881,657.5442,9.121820252,114
10002120,宜蘭縣,南澳鄉,11506,2203,6250,2.837,740.652,8.331848155,114
10004010,新竹縣,竹北市,11506,90972,220985,2.429,46.8341,4718.20746,114
10004020,新竹縣,竹東鎮,11506,39920,97532,2.443,53.5133,1829.339622,114
10004030,新竹縣,新埔鎮,11506,13830,33226,2.402,72.1911,464.8911015,114
10004040,新竹縣,關西鎮,11506,10032,27403,2.732,125.5193,207.2270958,114
10004050,新竹縣,湖口鄉,11506,35400,85075,2.403,58.4303,1454.091456,114
10004060,新竹縣,新豐鄉,11506,23914,60066,2.512,46.3496,1291.035953,114
10004070,新竹縣,芎林鄉,11506,8302,20353,2.452,40.7858,499.8063051,114
10004080,新竹縣,橫山鄉,11506,4516,11937,2.643,66.3502,179.3664526,114
10004090,新竹縣,北埔鄉,11506,3181,8230,2.587,50.6676,163.5956706,114
10004100,新竹縣,寶山鄉,11506,6675,14567,2.182,64.7871,225.168282,114
10004110,新竹縣,峨眉鄉,11506,2121,4945,2.331,46.801,106.1943121,114
10004120,新竹縣,尖石鄉,11506,3002,9522,3.172,527.5795,17.9385287,114
10004130,新竹縣,五峰鄉,11506,1791,4419,2.467,227.728,19.30812197,114
10005010,苗栗縣,苗栗市,11506,35346,85450,2.418,37.8878,2265.584172,114
10005020,苗栗縣,苑裡鎮,11506,16913,42946,2.539,68.2473,633.5342204,114
10005030,苗栗縣,通霄鎮,11506,11948,30492,2.552,107.8486,283.8979829,114
10005040,苗栗縣,竹南鎮,11506,36979,91553,2.476,37.5592,2437.165861,114
10005050,苗栗縣,頭份市,11506,43800,108234,2.471,53.3205,2029.819675,114
10005060,苗栗縣,後龍鎮,11506,13163,33419,2.539,75.8079,442.3153787,114
10005070,苗栗縣,卓蘭鎮,11506,5773,14331,2.482,76.3153,189.7784586,114
10005080,苗栗縣,大湖鄉,11506,5122,12160,2.374,90.8396,135.5135866,114
10005090,苗栗縣,公館鄉,11506,11640,30297,2.603,71.4523,426.312379,114
10005100,苗栗縣,銅鑼鄉,11506,6488,16174,2.493,78.3805,205.1403091,114
10005110,苗栗縣,南庄鄉,11506,3815,8577,2.248,165.4938,51.82067244,114
10005120,苗栗縣,頭屋鄉,11506,3770,9352,2.481,52.5046,178.1558187,114
10005130,苗栗縣,三義鄉,11506,5802,14411,2.484,69.3424,208.8909527,114
10005140,苗栗縣,西湖鄉,11506,2580,5843,2.265,41.0758,143.0282551,114
10005150,苗栗縣,造橋鄉,11506,4501,11480,2.551,47.9978,240.5943606,114
10005160,苗栗縣,三灣鄉,11506,2299,5700,2.479,52.2964,108.3057342,114
10005170,苗栗縣,獅潭鄉,11506,1741,3936,2.261,79.4324,49.63969363,114
10005180,苗栗縣,泰安鄉,11506,1984,5436,2.74,614.5127,8.789077915,114
10007010,彰化縣,彰化市,11506,85432,219165,2.565,65.6947,3356.237261,114
10007020,彰化縣,鹿港鎮,11506,28697,81758,2.849,39.4625,2083.294267,114
10007030,彰化縣,和美鎮,11506,31784,86144,2.71,39.9345,2169.427437,114
10007040,彰化縣,線西鄉,11506,5418,16001,2.953,18.0856,885.4558323,114
10007050,彰化縣,伸港鄉,11506,12867,37933,2.948,22.3268,1708.529659,114
10007060,彰化縣,福興鄉,11506,15457,44010,2.847,49.8934,887.5723042,114
10007070,彰化縣,秀水鄉,11506,12962,37139,2.865,29.3447,1273.00671,114
10007080,彰化縣,花壇鄉,11506,15940,43005,2.698,36.3469,1177.982166,114
10007090,彰化縣,芬園鄉,11506,7582,21198,2.796,38.0204,561.1198199,114
10007100,彰化縣,員林市,11506,46509,121690,2.616,40.038,3050.801738,114
10007110,彰化縣,溪湖鎮,11506,19012,52613,2.767,32.0592,1647.95129,114
10007120,彰化縣,田中鎮,11506,14524,38062,2.621,34.6056,1105.977067,114
10007130,彰化縣,大村鄉,11506,13810,38574,2.793,30.7837,1264.272976,114
10007140,彰化縣,埔鹽鄉,11506,10950,29869,2.728,38.6081,778.1009684,114
10007150,彰化縣,埔心鄉,11506,12400,32946,2.657,20.9526,1578.89713,114
10007160,彰化縣,永靖鄉,11506,12281,34053,2.773,20.6382,1656.006822,114
10007170,彰化縣,社頭鄉,11506,14770,40125,2.717,36.1449,1114.182084,114
10007180,彰化縣,二水鄉,11506,5394,13102,2.429,29.4449,448.9741857,114
10007190,彰化縣,北斗鎮,11506,12587,32931,2.616,19.2547,1719.008865,114
10007200,彰化縣,二林鎮,11506,17591,46080,2.62,92.8478,499.9472255,114
10007210,彰化縣,田尾鄉,11506,9136,25015,2.738,24.0375,1050.483619,114
10007220,彰化縣,埤頭鄉,11506,10108,27742,2.745,42.7508,654.8883296,114
10007230,彰化縣,芳苑鄉,11506,10982,29651,2.7,91.3827,326.9765503,114
10007240,彰化縣,大城鄉,11506,5180,14039,2.71,63.7406,221.9307631,114
10007250,彰化縣,竹塘鄉,11506,4930,13887,2.817,42.1662,330.0747992,114
10007260,彰化縣,溪州鄉,11506,9875,26994,2.734,75.831,359.3253419,114
10008010,南投縣,南投市,11506,38499,95723,2.486,71.6021,1343.94103,114
10008020,南投縣,埔里鎮,11506,31071,75761,2.438,162.2227,466.1061615,114
10008030,南投縣,草屯鎮,11506,38194,98148,2.57,104.0327,939.3584902,114
10008040,南投縣,竹山鎮,11506,21078,49633,2.355,247.3339,201.7717749,114
10008050,南投縣,集集鎮,11506,4455,10375,2.329,49.7268,198.725838,114
10008060,南投縣,名間鄉,11506,13574,34226,2.521,83.0955,415.8708955,114
10008070,南投縣,鹿谷鄉,11506,7796,15358,1.97,141.8981,108.9091397,114
10008080,南投縣,中寮鄉,11506,5622,12744,2.267,146.6541,87.45067475,114
10008090,南投縣,魚池鄉,11506,5743,13998,2.437,121.3735,116.1538557,114
10008100,南投縣,國姓鄉,11506,7059,15794,2.237,175.7042,90.8515562,114
10008110,南投縣,水里鄉,11506,7126,15316,2.149,106.8424,144.6242316,114
10008120,南投縣,信義鄉,11506,5243,14806,2.824,1422.4188,10.46527225,114
10008130,南投縣,仁愛鄉,11506,4953,15200,3.069,1273.5312,12.00834342,114
10009010,雲林縣,斗六市,11506,44892,109000,2.428,93.7151,1163.419769,114
10009020,雲林縣,斗南鎮,11506,18080,43225,2.391,48.1505,899.7206675,114
10009030,雲林縣,虎尾鎮,11506,29857,71157,2.383,68.742,1037.924413,114
10009040,雲林縣,西螺鎮,11506,16794,43773,2.606,49.7985,883.0587267,114
10009050,雲林縣,土庫鎮,11506,10600,27136,2.56,49.0212,555.5555556,114
10009060,雲林縣,北港鎮,11506,16677,36711,2.201,41.4999,892.8455249,114
10009070,雲林縣,古坑鄉,11506,12220,28911,2.366,166.6059,175.2218859,114
10009080,雲林縣,大埤鄉,11506,6971,17347,2.488,44.9973,389.3789183,114
10009090,雲林縣,莿桐鄉,11506,10173,27096,2.664,50.8502,534.9241498,114
10009100,雲林縣,林內鄉,11506,6312,16314,2.585,37.6035,433.0713896,114
10009110,雲林縣,二崙鄉,11506,9450,23946,2.534,59.5625,405.7082896,114
10009120,雲林縣,崙背鄉,11506,9200,22088,2.401,58.484,380.5314274,114
10009130,雲林縣,麥寮鄉,11506,16258,48250,2.968,80.1668,608.9179062,114
10009140,雲林縣,東勢鄉,11506,5837,12806,2.194,48.3562,266.4601437,114
10009150,雲林縣,褒忠鄉,11506,4643,11463,2.469,37.0552,310.0779378,114
10009160,雲林縣,臺西鄉,11506,8392,20555,2.449,54.0983,384.0786125,114
10009170,雲林縣,元長鄉,11506,9386,22354,2.382,71.5872,313.9946806,114
10009180,雲林縣,四湖鄉,11506,8515,20068,2.357,77.1189,262.0628666,114
10009190,雲林縣,口湖鄉,11506,9214,23824,2.586,80.4612,297.5968541,114
10009200,雲林縣,水林鄉,11506,9528,21624,2.27,72.9582,298.8697638,114
10010010,嘉義縣,太保市,11506,16187,39687,2.452,66.8964,596.7884669,114
10010020,嘉義縣,朴子市,11506,17145,39920,2.328,49.5737,805.8708549,114
10010030,嘉義縣,布袋鎮,11506,9827,23265,2.367,61.7307,382.1275314,114
10010040,嘉義縣,大林鎮,11506,12334,29511,2.393,64.1663,460.397436,114
10010050,嘉義縣,民雄鄉,11506,28643,69482,2.426,85.4969,815.4213779,114
10010060,嘉義縣,溪口鄉,11506,5328,12518,2.349,33.0463,381.4042722,114
10010070,嘉義縣,新港鄉,11506,11340,28818,2.541,66.0495,439.1554819,114
10010080,嘉義縣,六腳鄉,11506,8796,19877,2.26,62.2619,321.9304262,114
10010090,嘉義縣,東石鄉,11506,8994,21551,2.396,81.5821,265.6342507,114
10010100,嘉義縣,義竹鄉,11506,7005,15779,2.253,79.2925,199.6279598,114
10010110,嘉義縣,鹿草鄉,11506,5892,13342,2.264,54.3151,247.8132232,114
10010120,嘉義縣,水上鄉,11506,19801,46561,2.351,69.1198,678.9950202,114
10010130,嘉義縣,中埔鄉,11506,16979,41203,2.427,129.5016,321.795252,114
10010140,嘉義縣,竹崎鄉,11506,12205,31969,2.619,162.2256,198.2424476,114
10010150,嘉義縣,梅山鄉,11506,6963,17110,2.457,119.7571,143.4319969,114
10010160,嘉義縣,番路鄉,11506,4486,10519,2.345,117.5269,90.03896129,114
10010170,嘉義縣,大埔鄉,11506,1860,4139,2.225,173.2472,24.01193208,114
10010180,嘉義縣,阿里山鄉,11506,1848,5153,2.788,427.8471,12.0673951,114
10013010,屏東縣,屏東市,11506,80833,190641,2.358,65.067,2942.59763,114
10013020,屏東縣,潮州鎮,11506,22701,53587,2.361,42.4331,1266.063521,114
10013030,屏東縣,東港鎮,11506,18833,45663,2.425,29.4635,1557.146978,114
10013040,屏東縣,恆春鎮,11506,12369,28502,2.304,136.763,210.3639142,114
10013050,屏東縣,萬丹鄉,11506,17440,48583,2.786,57.4679,845.4458924,114
10013060,屏東縣,長治鄉,11506,11725,29090,2.481,39.8861,731.8840398,114
10013070,屏東縣,麟洛鄉,11506,4409,10435,2.367,16.26,639.9753998,114
10013080,屏東縣,九如鄉,11506,8101,21355,2.636,42.0187,509.7730296,114
10013090,屏東縣,里港鄉,11506,9083,24806,2.731,68.9208,361.9807083,114
10013100,屏東縣,鹽埔鄉,11506,8538,22940,2.687,64.3493,359.0715051,114
10013110,屏東縣,高樹鄉,11506,9344,21704,2.323,90.1522,243.3107567,114
10013120,屏東縣,萬巒鄉,11506,7011,18514,2.641,60.7315,307.1552654,114
10013130,屏東縣,內埔鄉,11506,21392,52545,2.456,81.8554,644.5512452,114
10013140,屏東縣,竹田鄉,11506,6030,15351,2.546,29.0732,528.4248036,114
10013150,屏東縣,新埤鄉,11506,3569,8957,2.51,59.0102,152.2279199,114
10013160,屏東縣,枋寮鄉,11506,9044,22177,2.452,57.7347,386.6132499,114
10013170,屏東縣,新園鄉,11506,12485,31500,2.523,38.3109,827.5190612,114
10013180,屏東縣,崁頂鄉,11506,4796,14319,2.986,31.2659,462.4527041,114
10013190,屏東縣,林邊鄉,11506,6645,15693,2.362,15.6233,1012.654177,114
10013200,屏東縣,南州鄉,11506,3998,9585,2.397,18.97,506.0622035,114
10013210,屏東縣,佳冬鄉,11506,7177,17173,2.393,30.9842,559.0914079,114
10013220,屏東縣,琉球鄉,11506,5274,12103,2.295,6.8018,1775.412391,114
10013230,屏東縣,車城鄉,11506,3537,7631,2.157,49.8517,154.3377658,114
10013240,屏東縣,滿州鄉,11506,2985,6950,2.328,142.2013,48.71263484,114
10013250,屏東縣,枋山鄉,11506,2048,4959,2.421,17.2697,284.0234631,114
10013260,屏東縣,三地門鄉,11506,2484,7659,3.083,196.3965,38.68704381,114
10013270,屏東縣,霧臺鄉,11506,1119,3157,2.821,278.796,11.35597354,114
10013280,屏東縣,瑪家鄉,11506,2324,6655,2.864,78.7008,84.45911604,114
10013290,屏東縣,泰武鄉,11506,1530,5196,3.396,118.6266,43.75072707,114
10013300,屏東縣,來義鄉,11506,2388,7267,3.043,167.7756,43.40321239,114
10013310,屏東縣,春日鄉,11506,1549,4867,3.142,160.001,30.35606027,114
10013320,屏東縣,獅子鄉,11506,1669,4825,2.891,301.0018,16.02980447,114
10013330,屏東縣,牡丹鄉,11506,2101,4707,2.24,181.8366,25.68789782,114
10014010,臺東縣,臺東市,11506,43721,102241,2.338,109.7691,935.4271831,114
10014020,臺東縣,成功鎮,11506,5554,12670,2.281,143.9939,88.5731965,114
10014030,臺東縣,關山鎮,11506,3240,7720,2.383,58.7351,132.0675371,114
10014040,臺東縣,卑南鄉,11506,7099,16227,2.286,412.6871,39.41000337,114
10014050,臺東縣,鹿野鄉,11506,3049,6983,2.29,89.698,77.19235657,114
10014060,臺東縣,池上鄉,11506,3188,7467,2.342,82.6854,91.05597844,114
10014070,臺東縣,東河鄉,11506,3654,7732,2.116,210.1908,36.68095844,114
10014080,臺東縣,長濱鄉,11506,2950,6437,2.182,155.1868,41.68524643,114
10014090,臺東縣,太麻里鄉,11506,4926,10450,2.121,96.6523,107.3435397,114
10014100,臺東縣,大武鄉,11506,2478,5310,2.143,69.1454,77.04055512,114
10014110,臺東縣,綠島鄉,11506,1299,4331,3.334,15.0919,286.7100895,114
10014120,臺東縣,海端鄉,11506,1151,4318,3.752,880.0382,4.905468876,114
10014130,臺東縣,延平鄉,11506,1087,3609,3.32,455.8805,7.780547753,114
10014140,臺東縣,金峰鄉,11506,1220,3691,3.025,380.6635,9.672584842,114
10014150,臺東縣,達仁鄉,11506,1453,3497,2.407,306.4454,11.21570107,114
10014160,臺東縣,蘭嶼鄉,11506,2029,5175,2.551,48.3892,107.875311,114
10015010,花蓮縣,花蓮市,11506,43519,96054,2.207,29.4095,3293.493599,114
10015020,花蓮縣,鳳林鎮,11506,4402,10088,2.292,120.5181,84.10354959,114
10015030,花蓮縣,玉里鎮,11506,9160,21058,2.299,252.3719,84.3081183,114
10015040,花蓮縣,新城鄉,11506,8893,20393,2.293,29.4095,696.7816522,114
10015050,花蓮縣,吉安鄉,11506,35363,82688,2.338,65.2582,1271.93211,114
10015060,花蓮縣,壽豐鄉,11506,7640,16574,2.169,218.4448,76.11991679,114
10015070,花蓮縣,光復鄉,11506,5268,11548,2.192,157.11,73.05709376,114
10015080,花蓮縣,豐濱鄉,11506,1718,4079,2.374,162.4332,25.1303305,114
10015090,花蓮縣,瑞穗鄉,11506,4780,10331,2.161,135.5862,76.61546677,114
10015100,花蓮縣,富里鄉,11506,4039,9366,2.319,176.3705,53.21751653,114
10015110,花蓮縣,秀林鄉,11506,5398,17214,3.189,1641.8555,10.46255289,114
10015120,花蓮縣,萬榮鄉,11506,2203,6080,2.76,618.491,9.777021816,114
10015130,花蓮縣,卓溪鄉,11506,1746,5817,3.332,1021.313,5.728899955,114
10016010,澎湖縣,馬公市,11506,27544,62726,2.277,33.9918,1861.684289,114
10016020,澎湖縣,湖西鄉,11506,6854,16219,2.366,33.3008,484.4027771,114
10016030,澎湖縣,白沙鄉,11506,3772,10149,2.691,20.0875,502.0037337,114
10016040,澎湖縣,西嶼鄉,11506,3242,8096,2.497,18.7148,429.553081,114
10016050,澎湖縣,望安鄉,11506,2019,5366,2.658,13.7824,382.0814952,114
10016060,澎湖縣,七美鄉,11506,1577,3994,2.533,6.9868,560.1992328,114
10017010,基隆市,中正區,11506,25869,51373,1.986,10.2118,5047.298224,114
10017020,基隆市,七堵區,11506,23599,52094,2.207,56.2659,927.1868041,114
10017030,基隆市,暖暖區,11506,17530,38389,2.19,22.8283,1684.838556,114
10017040,基隆市,仁愛區,11506,19178,39414,2.055,4.2335,9374.985237,114
10017050,基隆市,中山區,11506,21394,45342,2.119,10.5238,4328.854596,114
10017060,基隆市,安樂區,11506,36857,79629,2.16,18.025,4429.958391,114
10017070,基隆市,信義區,11506,24479,52333,2.138,10.6706,4926.433378,114
10018010,新竹市,東區,11506,92585,221916,2.397,33.5768,6618.230445,114
10018020,新竹市,北區,11506,65815,154187,2.343,15.7267,9786.85929,114
10018030,新竹市,香山區,11506,31665,79652,2.515,54.8491,1451.363833,114
10020010,嘉義市,東區,11506,49015,116540,2.378,30.1556,3865.517516,114
10020020,嘉義市,西區,11506,60363,144957,2.401,29.87,4855.205892,114
63000010,臺北市,松山區,11506,81236,186478,2.296,9.2878,20168.17761,114
63000020,臺北市,信義區,11506,91035,199927,2.196,11.2077,17973.89295,114
63000030,臺北市,大安區,11506,120937,280877,2.323,11.3614,24849.75443,114
63000040,臺北市,中山區,11506,103617,210913,2.036,13.6821,15505.80686,114
63000050,臺北市,中正區,11506,65969,143569,2.176,7.6071,18944.01283,114
63000060,臺北市,大同區,11506,54620,115920,2.122,5.6815,20525.91745,114
63000070,臺北市,萬華區,11506,81464,167356,2.054,8.8522,19054.5853,114
63000080,臺北市,文山區,11506,111051,252582,2.274,31.509,8055.539687,114
63000090,臺北市,南港區,11506,49996,111268,2.226,21.8424,5092.801157,114
63000100,臺北市,內湖區,11506,112186,266274,2.374,31.5787,8485.434803,114
63000110,臺北市,士林區,11506,109456,256351,2.342,62.3682,4139.337034,114
63000120,臺北市,北投區,11506,101568,234449,2.308,56.8216,4147.683275,114
64000010,高雄市,鹽埕區,11506,11167,21696,1.943,1.4161,15444.53075,114
64000020,高雄市,鼓山區,11506,64914,140350,2.162,14.7523,9543.664378,114
64000030,高雄市,左營區,11506,89811,197528,2.199,19.3823,10195.95198,114
64000040,高雄市,楠梓區,11506,86547,195295,2.257,25.8276,7573.797023,114
64000050,高雄市,三民區,11506,150552,327925,2.178,19.7866,16618.67122,114
64000060,高雄市,新興區,11506,25363,49480,1.951,1.9764,24984.82089,114
64000070,高雄市,前金區,11506,15286,27545,1.802,1.8573,14897.97017,114
64000080,高雄市,苓雅區,11506,77393,160389,2.072,8.1522,19771.9634,114
64000090,高雄市,前鎮區,11506,82705,175745,2.125,19.1207,9248.876872,114
64000100,高雄市,旗津區,11506,10504,24574,2.339,1.7341,14362.49351,114
64000110,高雄市,小港區,11506,72249,153018,2.118,45.4426,3373.70661,114
64000120,高雄市,鳳山區,11506,155454,352081,2.265,26.759,13191.82331,114
64000130,高雄市,林園區,11506,28630,67021,2.341,32.286,2085.764728,114
64000140,高雄市,大寮區,11506,47822,111918,2.34,71.04,1579.940878,114
64000150,高雄市,大樹區,11506,15127,39805,2.631,66.9811,595.7800036,114
64000160,高雄市,大社區,11506,14531,33563,2.31,26.5848,1269.183895,114
64000170,高雄市,仁武區,11506,44706,100627,2.251,36.0808,2780.176714,114
64000180,高雄市,鳥松區,11506,20536,43407,2.114,24.5927,1777.072058,114
64000190,高雄市,岡山區,11506,38396,94265,2.455,47.9421,1973.714126,114
64000200,高雄市,橋頭區,11506,19540,43508,2.227,25.9379,1670.952544,114
64000210,高雄市,燕巢區,11506,11529,28245,2.45,65.395,433.4887988,114
64000220,高雄市,田寮區,11506,2942,6047,2.055,92.6802,66.08747068,114
64000230,高雄市,阿蓮區,11506,10006,26585,2.657,34.6164,773.7661917,114
64000240,高雄市,路竹區,11506,18038,48624,2.696,48.4348,1009.728542,114
64000250,高雄市,湖內區,11506,12069,29203,2.42,20.1615,1453.016889,114
64000260,高雄市,茄萣區,11506,10964,28528,2.602,15.7624,1822.81886,114
64000270,高雄市,永安區,11506,5834,13403,2.297,22.6141,597.4148872,114
64000280,高雄市,彌陀區,11506,6986,17649,2.526,14.7772,1198.806269,114
64000290,高雄市,梓官區,11506,14054,34540,2.458,11.5967,2992.31678,114
64000300,高雄市,旗山區,11506,14380,33145,2.305,94.6122,352.6817895,114
64000310,高雄市,美濃區,11506,16091,35846,2.228,120.0316,300.5375251,114
64000320,高雄市,六龜區,11506,5382,11105,2.063,194.1584,58.12779669,114
64000330,高雄市,甲仙區,11506,2299,5225,2.273,124.034,42.56091072,114
64000340,高雄市,杉林區,11506,4848,10436,2.153,104.0036,101.6214823,114
64000350,高雄市,內門區,11506,5250,12483,2.378,95.6224,130.9212067,114
64000360,高雄市,茂林區,11506,651,1898,2.916,194,9.515463918,114
64000370,高雄市,桃源區,11506,1480,4175,2.821,928.98,4.468341622,114
64000380,高雄市,那瑪夏區,11506,950,3096,3.259,252.9895,12.29695304,114
65000010,新北市,板橋區,11506,239605,548557,2.289,23.1373,23760.85369,114
65000020,新北市,三重區,11506,173991,382544,2.199,16.317,23458.8466,114
65000030,新北市,中和區,11506,183704,402532,2.191,20.144,20045.22438,114
65000040,新北市,永和區,11506,95942,210549,2.195,5.7138,37021.94687,114
65000050,新北市,新莊區,11506,177906,420056,2.361,19.7383,21341.1996,114
65000060,新北市,新店區,11506,144208,305911,2.121,120.2255,2552.569962,114
65000070,新北市,樹林區,11506,72035,176570,2.451,33.1288,5355.219628,114
65000080,新北市,鶯歌區,11506,37379,89361,2.391,21.1248,4236.773839,114
65000090,新北市,三峽區,11506,49409,115133,2.33,191.4508,600.7235279,114
65000100,新北市,淡水區,11506,107800,209578,1.944,70.6565,2943.87636,114
65000110,新北市,汐止區,11506,102802,212430,2.066,71.2354,2986.689202,114
65000120,新北市,瑞芳區,11506,16217,35275,2.175,70.7336,503.622041,114
65000130,新北市,土城區,11506,102934,242662,2.357,29.5578,8211.470407,114
65000140,新北市,蘆洲區,11506,79152,195552,2.471,7.4351,26411.34618,114
65000150,新北市,五股區,11506,41674,94998,2.28,34.8632,2716.818881,114
65000160,新北市,泰山區,11506,32683,78130,2.391,19.1603,4075.249344,114
65000170,新北市,林口區,11506,61715,139184,2.255,54.1519,2556.900127,114
65000180,新北市,深坑區,11506,10739,23546,2.193,20.5787,1148.712018,114
65000190,新北市,石碇區,11506,3309,6861,2.073,144.3498,47.91832064,114
65000200,新北市,坪林區,11506,2549,6072,2.382,170.835,36.0757456,114
65000210,新北市,三芝區,11506,10793,21921,2.031,65.9909,334.3036691,114
65000220,新北市,石門區,11506,4246,9890,2.329,51.2645,194.9497215,114
65000230,新北市,八里區,11506,20072,43448,2.165,39.4933,1101.326048,114
65000240,新北市,平溪區,11506,2099,3881,1.849,71.3382,54.66916743,114
65000250,新北市,雙溪區,11506,3510,7365,2.098,146.2484,50.88602679,114
65000260,新北市,貢寮區,11506,4228,10311,2.439,99.9734,104.4777911,114
65000270,新北市,金山區,11506,7690,19584,2.547,49.2132,400.8071005,114
65000280,新北市,萬里區,11506,7969,20014,2.511,63.3766,318.871634,114
65000290,新北市,烏來區,11506,1906,6116,3.209,321.1306,19.30367271,114
66000010,臺中市,中區,11506,9020,18064,2.003,0.8803,20480.51801,114
66000020,臺中市,東區,11506,34077,77723,2.281,9.2855,8372.731678,114
66000030,臺中市,南區,11506,58295,128182,2.199,6.8101,18840.98618,114
66000040,臺中市,西區,11506,51693,113063,2.187,5.7042,19860.4537,114
66000050,臺中市,北區,11506,67909,143312,2.11,6.9376,20689.71979,114
66000060,臺中市,西屯區,11506,106373,238437,2.242,39.8467,5974.196107,114
66000070,臺中市,南屯區,11506,80534,185950,2.309,31.2578,5953.873913,114
66000080,臺中市,北屯區,11506,139131,318503,2.289,62.7034,5058.449781,114
66000090,臺中市,豐原區,11506,60725,161039,2.652,41.1845,3927.958334,114
66000100,臺中市,東勢區,11506,18673,46223,2.475,117.4065,395.9576344,114
66000110,臺中市,大甲區,11506,26760,72679,2.716,58.5192,1249.299375,114
66000120,臺中市,清水區,11506,36117,90604,2.509,64.1709,1412.478242,114
66000130,臺中市,沙鹿區,11506,39507,101634,2.573,40.4604,2506.623761,114
66000140,臺中市,梧棲區,11506,27702,67355,2.431,16.6049,3955.760047,114
66000150,臺中市,后里區,11506,18886,52631,2.787,58.9439,894.9865889,114
66000160,臺中市,神岡區,11506,22465,63045,2.806,35.0445,1805.44736,114
66000170,臺中市,潭子區,11506,42655,109259,2.561,25.8497,4228.830509,114
66000180,臺中市,大雅區,11506,34136,94389,2.765,32.4109,2923.121542,114
66000190,臺中市,新社區,11506,8527,22487,2.637,68.8874,327.7667614,114
66000200,臺中市,石岡區,11506,5128,13595,2.651,18.2105,750.5559979,114
66000210,臺中市,外埔區,11506,11291,30657,2.715,42.4099,726.7878491,114
66000220,臺中市,大安區,11506,6186,17344,2.804,27.4045,638.1068803,114
66000230,臺中市,烏日區,11506,33805,82327,2.435,43.4032,1894.975486,114
66000240,臺中市,大肚區,11506,20689,54938,2.655,37.0024,1493.281517,114
66000250,臺中市,龍井區,11506,29888,79360,2.655,38.0377,2083.222697,114
66000260,臺中市,霧峰區,11506,23070,62202,2.696,98.0779,638.5434435,114
66000270,臺中市,太平區,11506,80357,201561,2.508,120.7473,1669.072518,114
66000280,臺中市,大里區,11506,80987,210455,2.599,28.8758,7310.412179,114
66000290,臺中市,和平區,11506,4739,10450,2.205,1037.8192,10.08749886,114
67000010,臺南市,新營區,11506,32060,74236,2.316,38.5386,1932.945151,114
67000020,臺南市,鹽水區,11506,10404,23381,2.247,52.2455,452.3834589,114
67000030,臺南市,白河區,11506,10761,24732,2.298,126.4046,197.3662351,114
67000040,臺南市,柳營區,11506,8398,19726,2.349,61.2929,323.5448151,114
67000050,臺南市,後壁區,11506,9025,20662,2.289,72.2189,288.5671202,114
67000060,臺南市,東山區,11506,8164,18277,2.239,124.9178,148.0173362,114
67000070,臺南市,麻豆區,11506,17933,42682,2.38,53.9744,794.3210114,114
67000080,臺南市,下營區,11506,9493,21582,2.273,33.5291,648.4516435,114
67000090,臺南市,六甲區,11506,8605,20711,2.407,67.5471,309.1176379,114
67000100,臺南市,官田區,11506,8735,20500,2.347,70.7953,289.9486265,114
67000110,臺南市,大內區,11506,3660,8381,2.29,70.3125,119.8506667,114
67000120,臺南市,佳里區,11506,23640,58128,2.459,38.9422,1497.809574,114
67000130,臺南市,學甲區,11506,10331,24294,2.352,53.9919,451.2713944,114
67000140,臺南市,西港區,11506,9721,24773,2.548,33.7666,734.7793382,114
67000150,臺南市,七股區,11506,8112,20350,2.509,110.1492,186.0476517,114
67000160,臺南市,將軍區,11506,7115,17476,2.456,41.9796,419.2036132,114
67000170,臺南市,北門區,11506,3919,9358,2.388,44.1003,213.9667984,114
67000180,臺南市,新化區,11506,16260,41835,2.573,62.0579,675.6915719,114
67000190,臺南市,善化區,11506,23593,53942,2.286,55.3097,974.295648,114
67000200,臺南市,新市區,11506,15928,38274,2.403,47.8096,800.6550986,114
67000210,臺南市,安定區,11506,12001,29679,2.473,31.27,952.4464343,114
67000220,臺南市,山上區,11506,2797,6733,2.407,27.878,243.7764546,114
67000230,臺南市,玉井區,11506,5451,12593,2.31,76.3662,165.963476,114
67000240,臺南市,楠西區,11506,3549,8297,2.338,109.6316,76.54727287,114
67000250,臺南市,南化區,11506,2831,7516,2.655,171.5198,44.34473454,114
67000260,臺南市,左鎮區,11506,1783,4071,2.283,74.9025,54.67107239,114
67000270,臺南市,仁德區,11506,32623,77633,2.38,50.7664,1526.521479,114
67000280,臺南市,歸仁區,11506,28181,71145,2.525,55.7913,1264.964251,114
67000290,臺南市,關廟區,11506,12662,33045,2.61,53.6413,618.888804,114
67000300,臺南市,龍崎區,11506,1425,3190,2.239,64.0814,50.46706221,114
67000310,臺南市,永康區,11506,99309,235793,2.374,40.2753,5854.829138,114
67000320,臺南市,東區,11506,79535,179979,2.263,13.4156,13481.02209,114
67000330,臺南市,南區,11506,50503,118473,2.346,27.2681,4368.511191,114
67000340,臺南市,北區,11506,56035,125194,2.234,10.434,12022.13916,114
67000350,臺南市,安南區,11506,79321,204745,2.581,107.2016,1907.937941,114
67000360,臺南市,安平區,11506,33037,71798,2.173,11.0663,6439.008521,114
67000370,臺南市,中西區,11506,34548,74924,2.169,6.26,12108.94569,114
68000010,桃園市,桃園區,11506,210745,478598,2.271,34.8046,13747.8092,114
68000020,桃園市,中壢區,11506,192100,439096,2.286,76.52,5739.845792,114
68000030,桃園市,大溪區,11506,37844,93374,2.467,105.1206,892.2989405,114
68000040,桃園市,楊梅區,11506,75299,183136,2.432,89.1229,2051.515379,114
68000050,桃園市,蘆竹區,11506,70818,170522,2.408,75.5025,2258.945068,114
68000060,桃園市,大園區,11506,39121,91103,2.329,87.3925,1026.552622,114
68000070,桃園市,龜山區,11506,88074,189301,2.149,72.0177,2615.023807,114
68000080,桃園市,八德區,11506,89362,216425,2.422,33.7111,6409.105606,114
68000090,桃園市,龍潭區,11506,51368,126787,2.468,75.2341,1692.849386,114
68000100,桃園市,平鎮區,11506,90846,227224,2.501,47.7532,4778.946751,114
68000110,桃園市,新屋區,11506,20261,49784,2.457,85.0166,584.8622504,114
68000120,桃園市,觀音區,11506,32436,78033,2.406,87.9807,881.1705294,114
68000130,桃園市,復興區,11506,4156,13235,3.185,350.7775,37.90436958,114
