年,縣市,新增通訊處數,累計通訊處數,年底人口,土地面積_km2,出生數,死亡數,戶數,納稅單位_戶,綜合所得總額_千元,人口密度_人每km2,平均戶量,粗出生率_千分比,粗死亡率_千分比,自然增加率_千分比,綜合所得平均數_千元,綜合所得中位數_千元,平均每戶消費支出_元,每萬人通訊處數
87,南投縣,0,15,,,,,,,,,,,,,,,506247,
87,嘉義市,0,11,,,,,,,,,,,,,,,615946,
87,嘉義縣,0,7,,,,,,,,,,,,,,,447043,
87,基隆市,0,9,,,,,,,,,,,,,,,639052,
87,宜蘭縣,0,16,,,,,,,,,,,,,,,622369,
87,屏東縣,0,23,,,,,,,,,,,,,,,508399,
87,彰化縣,2,35,,,,,,,,,,,,,,,556873,
87,新北市,2,66,,,,,,,,,,,,,,,681707,
87,新竹市,0,14,,,,,,,,,,,,,,,718282,
87,新竹縣,0,10,,,,,,,,,,,,,,,625471,
87,桃園市,4,50,,,,,,,,,,,,,,,653989,
87,澎湖縣,0,2,,,,,,,,,,,,,,,397552,
87,臺中市,1,83,,,,,,,,,,,,,,,651665,
87,臺北市,6,119,,,,,,,,,,,,,,,908137,
87,臺南市,0,48,,,,,,,,,,,,,,,550060,
87,臺東縣,0,11,,,,,,,,,,,,,,,401379,
87,花蓮縣,0,11,,,,,,,,,,,,,,,573757,
87,苗栗縣,1,17,,,,,,,,,,,,,,,578424,
87,連江縣,0,0,,,,,,,,,,,,,,,,
87,金門縣,0,2,,,,,,,,,,,,,,,,
87,雲林縣,1,14,,,,,,,,,,,,,,,459407,
87,高雄市,3,76,,,,,,,,,,,,,,,607873,
88,南投縣,0,15,,,,,,,,,,,,,,,531000,
88,嘉義市,0,11,,,,,,,,,,,,,,,577328,
88,嘉義縣,0,7,,,,,,,,,,,,,,,484947,
88,基隆市,0,9,,,,,,,,,,,,,,,639150,
88,宜蘭縣,0,16,,,,,,,,,,,,,,,614020,
88,屏東縣,0,23,,,,,,,,,,,,,,,499116,
88,彰化縣,0,35,,,,,,,,,,,,,,,512199,
88,新北市,5,71,,,,,,,,,,,,,,,702709,
88,新竹市,0,14,,,,,,,,,,,,,,,738726,
88,新竹縣,0,10,,,,,,,,,,,,,,,631867,
88,桃園市,2,52,,,,,,,,,,,,,,,669567,
88,澎湖縣,0,2,,,,,,,,,,,,,,,408405,
88,臺中市,5,88,,,,,,,,,,,,,,,661184,
88,臺北市,8,127,,,,,,,,,,,,,,,931758,
88,臺南市,2,50,,,,,,,,,,,,,,,539802,
88,臺東縣,2,13,,,,,,,,,,,,,,,444314,
88,花蓮縣,1,12,,,,,,,,,,,,,,,546797,
88,苗栗縣,1,18,,,,,,,,,,,,,,,585753,
88,連江縣,0,0,,,,,,,,,,,,,,,,
88,金門縣,1,3,,,,,,,,,,,,,,,,
88,雲林縣,0,14,,,,,,,,,,,,,,,497392,
88,高雄市,3,79,,,,,,,,,,,,,,,614883,
89,南投縣,1,16,,,,,,,,,,,,,,,557775,
89,嘉義市,2,13,,,,,,,,,,,,,,,619154,
89,嘉義縣,0,7,,,,,,,,,,,,,,,541707,
89,基隆市,0,9,,,,,,,,,,,,,,,640137,
89,宜蘭縣,0,16,,,,,,,,,,,,,,,564530,
89,屏東縣,1,24,,,,,,,,,,,,,,,524732,
89,彰化縣,1,36,,,,,,,,,,,,,,,548241,
89,新北市,2,73,,,,,,,,,,,,,,,688385,
89,新竹市,0,14,,,,,,,,,,,,,,,799936,
89,新竹縣,2,12,,,,,,,,,,,,,,,669806,
89,桃園市,1,53,,,,,,,,,,,,,,,710859,
89,澎湖縣,0,2,,,,,,,,,,,,,,,428628,
89,臺中市,2,90,,,,,,,,,,,,,,,636780,
89,臺北市,10,137,,,,,,,,,,,,,,,972707,
89,臺南市,3,53,,,,,,,,,,,,,,,563150,
89,臺東縣,0,13,,,,,,,,,,,,,,,440341,
89,花蓮縣,0,12,,,,,,,,,,,,,,,598494,
89,苗栗縣,0,18,,,,,,,,,,,,,,,562446,
89,連江縣,0,0,,,,,,,,,,,,,,,,
89,金門縣,0,3,,,,,,,,,,,,,,,,
89,雲林縣,0,14,,,,,,,,,,,,,,,460321,
89,高雄市,3,82,,,,,,,,,,,,,,,590730,
90,南投縣,1,17,,,,,,,,,,,,,,,498200,
90,嘉義市,0,13,,,,,,,,,,,,,,,634707,
90,嘉義縣,0,7,,,,,,,,,,,,,,,502445,
90,基隆市,0,9,,,,,,,,,,,,,,,641952,
90,宜蘭縣,1,17,,,,,,,,,,,,,,,547440,
90,屏東縣,0,24,,,,,,,,,,,,,,,500335,
90,彰化縣,2,38,,,,,,,,,,,,,,,522152,
90,新北市,2,75,,,,,,,,,,,,,,,693068,
90,新竹市,0,14,,,,,,,,,,,,,,,850319,
90,新竹縣,0,12,,,,,,,,,,,,,,,643622,
90,桃園市,5,58,,,,,,,,,,,,,,,693702,
90,澎湖縣,0,2,,,,,,,,,,,,,,,390512,
90,臺中市,4,94,,,,,,,,,,,,,,,661721,
90,臺北市,7,144,,,,,,,,,,,,,,,955897,
90,臺南市,4,57,,,,,,,,,,,,,,,552940,
90,臺東縣,0,13,,,,,,,,,,,,,,,429335,
90,花蓮縣,0,12,,,,,,,,,,,,,,,577981,
90,苗栗縣,0,18,,,,,,,,,,,,,,,596454,
90,連江縣,0,0,,,,,,,,,,,,,,,,
90,金門縣,0,3,,,,,,,,,,,,,,,,
90,雲林縣,1,15,,,,,,,,,,,,,,,506641,
90,高雄市,6,88,,,,,,,,,,,,,,,582764,
91,南投縣,0,17,,,,,,,,,,,,,,,509828,
91,嘉義市,0,13,,,,,,,,,,,,,,,659543,
91,嘉義縣,0,7,,,,,,,,,,,,,,,515759,
91,基隆市,0,9,,,,,,,,,,,,,,,640591,
91,宜蘭縣,0,17,,,,,,,,,,,,,,,556487,
91,屏東縣,1,25,,,,,,,,,,,,,,,527833,
91,彰化縣,1,39,,,,,,,,,,,,,,,587789,
91,新北市,1,76,,,,,,,,,,,,,,,721828,
91,新竹市,0,14,,,,,,,,,,,,,,,848037,
91,新竹縣,0,12,,,,,,,,,,,,,,,659592,
91,桃園市,2,60,,,,,,,,,,,,,,,728084,
91,澎湖縣,0,2,,,,,,,,,,,,,,,421645,
91,臺中市,4,98,,,,,,,,,,,,,,,667721,
91,臺北市,3,147,,,,,,,,,,,,,,,951978,
91,臺南市,0,57,,,,,,,,,,,,,,,572884,
91,臺東縣,0,13,,,,,,,,,,,,,,,446254,
91,花蓮縣,0,12,,,,,,,,,,,,,,,540780,
91,苗栗縣,0,18,,,,,,,,,,,,,,,608569,
91,連江縣,0,0,,,,,,,,,,,,,,,,
91,金門縣,0,3,,,,,,,,,,,,,,,,
91,雲林縣,0,15,,,,,,,,,,,,,,,503445,
91,高雄市,4,92,,,,,,,,,,,,,,,583099,
92,南投縣,1,18,,,,,,,,,,,,,,,532985,
92,嘉義市,0,13,,,,,,,,,,,,,,,599717,
92,嘉義縣,0,7,,,,,,,,,,,,,,,517287,
92,基隆市,0,9,,,,,,,,,,,,,,,630493,
92,宜蘭縣,0,17,,,,,,,,,,,,,,,610276,
92,屏東縣,1,26,,,,,,,,,,,,,,,532473,
92,彰化縣,0,39,,,,,,,,,,,,,,,598416,
92,新北市,2,78,,,,,,,,,,,,,,,706525,
92,新竹市,2,16,,,,,,,,,,,,,,,844370,
92,新竹縣,1,13,,,,,,,,,,,,,,,666904,
92,桃園市,0,60,,,,,,,,,,,,,,,707342,
92,澎湖縣,0,2,,,,,,,,,,,,,,,453132,
92,臺中市,2,100,,,,,,,,,,,,,,,673311,
92,臺北市,6,153,,,,,,,,,,,,,,,914067,
92,臺南市,1,58,,,,,,,,,,,,,,,583579,
92,臺東縣,0,13,,,,,,,,,,,,,,,402236,
92,花蓮縣,0,12,,,,,,,,,,,,,,,547558,
92,苗栗縣,1,19,,,,,,,,,,,,,,,595922,
92,連江縣,0,0,,,,,,,,,,,,,,,,
92,金門縣,0,3,,,,,,,,,,,,,,,,
92,雲林縣,1,16,,,,,,,,,,,,,,,497345,
92,高雄市,1,93,,,,,,,,,,,,,,,588440,
93,南投縣,0,18,,,,,,,,,,,,,,,565920,
93,嘉義市,0,13,,,,,,,,,,,,,,,554657,
93,嘉義縣,1,8,,,,,,,,,,,,,,,529047,
93,基隆市,0,9,,,,,,,,,,,,,,,700769,
93,宜蘭縣,0,17,,,,,,,,,,,,,,,565676,
93,屏東縣,0,26,,,,,,,,,,,,,,,519356,
93,彰化縣,0,39,,,,,,,,,,,,,,,619357,
93,新北市,1,79,,,,,,,,,,,,,,,740753,
93,新竹市,0,16,,,,,,,,,,,,,,,923578,
93,新竹縣,1,14,,,,,,,,,,,,,,,707628,
93,桃園市,1,61,,,,,,,,,,,,,,,738518,
93,澎湖縣,0,2,,,,,,,,,,,,,,,529440,
93,臺中市,1,101,,,,,,,,,,,,,,,704672,
93,臺北市,3,156,,,,,,,,,,,,,,,925845,
93,臺南市,1,59,,,,,,,,,,,,,,,619386,
93,臺東縣,0,13,,,,,,,,,,,,,,,455738,
93,花蓮縣,0,12,,,,,,,,,,,,,,,561093,
93,苗栗縣,0,19,,,,,,,,,,,,,,,590735,
93,連江縣,0,0,,,,,,,,,,,,,,,,
93,金門縣,0,3,,,,,,,,,,,,,,,,
93,雲林縣,0,16,,,,,,,,,,,,,,,543581,
93,高雄市,3,96,,,,,,,,,,,,,,,620203,
94,南投縣,0,18,,,,,,,,,,,,,,,602360,
94,嘉義市,0,13,,,,,,,,,,,,,,,615552,
94,嘉義縣,0,8,,,,,,,,,,,,,,,539274,
94,基隆市,0,9,,,,,,,,,,,,,,,712080,
94,宜蘭縣,0,17,,,,,,,,,,,,,,,646475,
94,屏東縣,1,27,,,,,,,,,,,,,,,553520,
94,彰化縣,1,40,,,,,,,,,,,,,,,609437,
94,新北市,2,81,,,,,,,,,,,,,,,768576,
94,新竹市,0,16,,,,,,,,,,,,,,,917954,
94,新竹縣,0,14,,,,,,,,,,,,,,,852011,
94,桃園市,0,61,,,,,,,,,,,,,,,751917,
94,澎湖縣,0,2,,,,,,,,,,,,,,,456221,
94,臺中市,5,106,,,,,,,,,,,,,,,687530,
94,臺北市,0,156,,,,,,,,,,,,,,,937499,
94,臺南市,1,60,,,,,,,,,,,,,,,568311,
94,臺東縣,0,13,,,,,,,,,,,,,,,404469,
94,花蓮縣,0,12,,,,,,,,,,,,,,,532648,
94,苗栗縣,0,19,,,,,,,,,,,,,,,591475,
94,連江縣,0,0,,,,,,,,,,,,,,,,
94,金門縣,0,3,,,,,,,,,,,,,,,,
94,雲林縣,0,16,,,,,,,,,,,,,,,488415,
94,高雄市,1,97,,,,,,,,,,,,,,,643684,
95,南投縣,0,18,,,,,,,,,,,,,,,623333,
95,嘉義市,0,13,,,,,,,,,,,,,,,595967,
95,嘉義縣,0,8,,,,,,,,,,,,,,,571053,
95,基隆市,0,9,,,,,,,,,,,,,,,670004,
95,宜蘭縣,1,18,,,,,,,,,,,,,,,645262,
95,屏東縣,1,28,,,,,,,,,,,,,,,573991,
95,彰化縣,1,41,,,,,,,,,,,,,,,640150,
95,新北市,1,82,,,,,,,,,,,,,,,747871,
95,新竹市,1,17,,,,,,,,,,,,,,,971643,
95,新竹縣,1,15,,,,,,,,,,,,,,,731722,
95,桃園市,1,62,,,,,,,,,,,,,,,731111,
95,澎湖縣,1,3,,,,,,,,,,,,,,,518374,
95,臺中市,5,111,,,,,,,,,,,,,,,732742,
95,臺北市,5,161,,,,,,,,,,,,,,,945344,
95,臺南市,1,61,,,,,,,,,,,,,,,641717,
95,臺東縣,0,13,,,,,,,,,,,,,,,445629,
95,花蓮縣,0,12,,,,,,,,,,,,,,,518689,
95,苗栗縣,0,19,,,,,,,,,,,,,,,652827,
95,連江縣,0,0,,,,,,,,,,,,,,,,
95,金門縣,0,3,,,,,,,,,,,,,,,,
95,雲林縣,0,16,,,,,,,,,,,,,,,568457,
95,高雄市,3,100,,,,,,,,,,,,,,,644233,
96,南投縣,0,18,,,,,,,,,,,,,,,592259,
96,嘉義市,0,13,,,,,,,,,,,,,,,586020,
96,嘉義縣,0,8,,,,,,,,,,,,,,,533186,
96,基隆市,0,9,,,,,,,,,,,,,,,651949,
96,宜蘭縣,0,18,,,,,,,,,,,,,,,669589,
96,屏東縣,1,29,,,,,,,,,,,,,,,593006,
96,彰化縣,1,42,,,,,,,,,,,,,,,627431,
96,新北市,0,82,,,,,,,,,,,,,,,751125,
96,新竹市,1,18,,,,,,,,,,,,,,,933566,
96,新竹縣,0,15,,,,,,,,,,,,,,,724042,
96,桃園市,5,67,,,,,,,,,,,,,,,746550,
96,澎湖縣,0,3,,,,,,,,,,,,,,,474657,
96,臺中市,4,115,,,,,,,,,,,,,,,745960,
96,臺北市,5,166,,,,,,,,,,,,,,,963713,
96,臺南市,2,63,,,,,,,,,,,,,,,650153,
96,臺東縣,0,13,,,,,,,,,,,,,,,518103,
96,花蓮縣,0,12,,,,,,,,,,,,,,,566608,
96,苗栗縣,0,19,,,,,,,,,,,,,,,637262,
96,連江縣,0,0,,,,,,,,,,,,,,,,
96,金門縣,0,3,,,,,,,,,,,,,,,,
96,雲林縣,0,16,,,,,,,,,,,,,,,501511,
96,高雄市,1,101,,,,,,,,,,,,,,,644730,
97,南投縣,0,18,,,,,,,,,,,,,,,579178,
97,嘉義市,1,14,,,,,,,,,,,,,,,564099,
97,嘉義縣,0,8,,,,,,,,,,,,,,,522575,
97,基隆市,0,9,,,,,,,,,,,,,,,643786,
97,宜蘭縣,1,19,,,,,,,,,,,,,,,630350,
97,屏東縣,0,29,,,,,,,,,,,,,,,542416,
97,彰化縣,2,44,,,,,,,,,,,,,,,596368,
97,新北市,0,82,,,,,,,,,,,,,,,751211,
97,新竹市,0,18,,,,,,,,,,,,,,,906743,
97,新竹縣,0,15,,,,,,,,,,,,,,,852056,
97,桃園市,0,67,,,,,,,,,,,,,,,748242,
97,澎湖縣,0,3,,,,,,,,,,,,,,,504364,
97,臺中市,2,117,,,,,,,,,,,,,,,717059,
97,臺北市,14,180,,,,,,,,,,,,,,,961630,
97,臺南市,2,65,,,,,,,,,,,,,,,639569,
97,臺東縣,1,14,,,,,,,,,,,,,,,425560,
97,花蓮縣,0,12,,,,,,,,,,,,,,,537914,
97,苗栗縣,0,19,,,,,,,,,,,,,,,586994,
97,連江縣,0,0,,,,,,,,,,,,,,,,
97,金門縣,0,3,,,,,,,,,,,,,,,,
97,雲林縣,0,16,,,,,,,,,,,,,,,459425,
97,高雄市,0,101,,,,,,,,,,,,,,,644122,
98,南投縣,1,19,,,,,,,,,,,,,,,650486,
98,嘉義市,5,19,,,,,,,,,,,,,,,549580,
98,嘉義縣,0,8,,,,,,,,,,,,,,,521999,
98,基隆市,1,10,,,,,,,,,,,,,,,701587,
98,宜蘭縣,1,20,,,,,,,,,,,,,,,639174,
98,屏東縣,2,31,,,,,,,,,,,,,,,547237,
98,彰化縣,2,46,,,,,,,,,,,,,,,590455,
98,新北市,3,85,,,,,,,,,,,,,,,749608,
98,新竹市,3,21,,,,,,,,,,,,,,,956498,
98,新竹縣,0,15,,,,,,,,,,,,,,,868677,
98,桃園市,10,77,,,,,,,,,,,,,,,742050,
98,澎湖縣,0,3,,,,,,,,,,,,,,,519810,
98,臺中市,14,131,,,,,,,,,,,,,,,680219,
98,臺北市,42,222,,,,,,,,,,,,,,,952723,
98,臺南市,14,79,,,,,,,,,,,,,,,624398,
98,臺東縣,1,15,,,,,,,,,,,,,,,483770,
98,花蓮縣,0,12,,,,,,,,,,,,,,,551512,
98,苗栗縣,1,20,,,,,,,,,,,,,,,608460,
98,連江縣,0,0,,,,,,,,,,,,,,,,
98,金門縣,0,3,,,,,,,,,,,,,,,,
98,雲林縣,1,17,,,,,,,,,,,,,,,482076,
98,高雄市,20,121,,,,,,,,,,,,,,,656155,
99,南投縣,0,19,,,,,,,,,,,,,,,637965,
99,嘉義市,0,19,,,,,,,,,,,,,,,534451,
99,嘉義縣,0,8,,,,,,,,,,,,,,,552876,
99,基隆市,0,10,,,,,,,,,,,,,,,730198,
99,宜蘭縣,0,20,,,,,,,,,,,,,,,652305,
99,屏東縣,0,31,,,,,,,,,,,,,,,553622,
99,彰化縣,1,47,,,,,,,,,,,,,,,578094,
99,新北市,0,85,,,,,,,,,,,,,,,722847,
99,新竹市,1,22,,,,,,,,,,,,,,,940387,
99,新竹縣,0,15,,,,,,,,,,,,,,,867863,
99,桃園市,1,78,,,,,,,,,,,,,,,743251,
99,澎湖縣,1,4,,,,,,,,,,,,,,,513083,
99,臺中市,2,133,,,,,,,,,,,,,,,688348,
99,臺北市,9,231,,,,,,,,,,,,,,,988691,
99,臺南市,2,81,,,,,,,,,,,,,,,588477,
99,臺東縣,0,15,,,,,,,,,,,,,,,396957,
99,花蓮縣,1,13,,,,,,,,,,,,,,,577696,
99,苗栗縣,0,20,,,,,,,,,,,,,,,594962,
99,連江縣,0,0,,,,,,,,,,,,,,,,
99,金門縣,0,3,,,,,,,,,,,,,,,,
99,雲林縣,0,17,,,,,,,,,,,,,,,466544,
99,高雄市,4,125,,,,,,,,,,,,,,,652826,
100,南投縣,0,19,,,,,,,,,,,,,,,629379,
100,嘉義市,0,19,,,,,,,,,,,,,,,616177,
100,嘉義縣,0,8,,,,,,,,,,,,,,,520344,
100,基隆市,0,10,,,,,,,,,,,,,,,718329,
100,宜蘭縣,0,20,,,,,,,,,,,,,,,602332,
100,屏東縣,0,31,,,,,,,,,,,,,,,558868,
100,彰化縣,0,47,,,,,,,,,,,,,,,579670,
100,新北市,2,87,,,,,,,,,,,,,,,745901,
100,新竹市,2,24,,,,,,,,,,,,,,,982122,
100,新竹縣,0,15,,,,,,,,,,,,,,,907729,
100,桃園市,0,78,,,,,,,,,,,,,,,822232,
100,澎湖縣,0,4,,,,,,,,,,,,,,,486598,
100,臺中市,2,135,,,,,,,,,,,,,,,726320,
100,臺北市,7,238,,,,,,,,,,,,,,,996646,
100,臺南市,1,82,,,,,,,,,,,,,,,630810,
100,臺東縣,0,15,,,,,,,,,,,,,,,435401,
100,花蓮縣,3,16,,,,,,,,,,,,,,,554335,
100,苗栗縣,1,21,,,,,,,,,,,,,,,656067,
100,連江縣,0,0,,,,,,,,,,,,,,,,
100,金門縣,0,3,,,,,,,,,,,,,,,,
100,雲林縣,0,17,,,,,,,,,,,,,,,491428,
100,高雄市,0,125,,,,,,,,,,,,,,,686354,
101,南投縣,0,19,,,,,,,,,,,,,,,648629,
101,嘉義市,1,20,,,,,,,,,,,,,,,686120,
101,嘉義縣,0,8,,,,,,,,,,,,,,,572225,
101,基隆市,0,10,,,,,,,,,,,,,,,660931,
101,宜蘭縣,0,20,,,,,,,,,,,,,,,698346,
101,屏東縣,0,31,,,,,,,,,,,,,,,553602,
101,彰化縣,0,47,,,,,,,,,,,,,,,597253,
101,新北市,3,90,,,,,,,,,,,,,,,741651,
101,新竹市,0,24,,,,,,,,,,,,,,,935237,
101,新竹縣,1,16,,,,,,,,,,,,,,,898118,
101,桃園市,1,79,,,,,,,,,,,,,,,815889,
101,澎湖縣,0,4,,,,,,,,,,,,,,,492419,
101,臺中市,2,137,,,,,,,,,,,,,,,717894,
101,臺北市,8,246,,,,,,,,,,,,,,,973747,
101,臺南市,2,84,,,,,,,,,,,,,,,627337,
101,臺東縣,0,15,,,,,,,,,,,,,,,464577,
101,花蓮縣,1,17,,,,,,,,,,,,,,,566694,
101,苗栗縣,0,21,,,,,,,,,,,,,,,629119,
101,連江縣,0,0,,,,,,,,,,,,,,,,
101,金門縣,0,3,,,,,,,,,,,,,,,,
101,雲林縣,0,17,,,,,,,,,,,,,,,487669,
101,高雄市,2,127,,,,,,,,,,,,,,,694285,
102,南投縣,0,19,,,,,,,,,,,,,,,584190,
102,嘉義市,0,20,,,,,,,,,,,,,,,788432,
102,嘉義縣,1,9,,,,,,,,,,,,,,,616718,
102,基隆市,0,10,,,,,,,,,,,,,,,719698,
102,宜蘭縣,3,23,,,,,,,,,,,,,,,668544,
102,屏東縣,2,33,,,,,,,,,,,,,,,545713,
102,彰化縣,2,49,,,,,,,,,,,,,,,577658,
102,新北市,4,94,,,,,,,,,,,,,,,750687,
102,新竹市,1,25,,,,,,,,,,,,,,,1044462,
102,新竹縣,0,16,,,,,,,,,,,,,,,858781,
102,桃園市,2,81,,,,,,,,,,,,,,,832626,
102,澎湖縣,0,4,,,,,,,,,,,,,,,514077,
102,臺中市,1,138,,,,,,,,,,,,,,,781899,
102,臺北市,7,253,,,,,,,,,,,,,,,1001798,
102,臺南市,1,85,,,,,,,,,,,,,,,654843,
102,臺東縣,0,15,,,,,,,,,,,,,,,478531,
102,花蓮縣,1,18,,,,,,,,,,,,,,,554525,
102,苗栗縣,0,21,,,,,,,,,,,,,,,621582,
102,連江縣,0,0,,,,,,,,,,,,,,,,
102,金門縣,0,3,,,,,,,,,,,,,,,,
102,雲林縣,1,18,,,,,,,,,,,,,,,522661,
102,高雄市,0,127,,,,,,,,,,,,,,,709823,
103,南投縣,0,19,,,,,,,,,,,,,,,561412,
103,嘉義市,3,23,,,,,,,,,,,,,,,726313,
103,嘉義縣,0,9,,,,,,,,,,,,,,,567649,
103,基隆市,1,11,,,,,,,,,,,,,,,692416,
103,宜蘭縣,1,24,,,,,,,,,,,,,,,738296,
103,屏東縣,1,34,,,,,,,,,,,,,,,547989,
103,彰化縣,1,50,,,,,,,,,,,,,,,594464,
103,新北市,1,95,,,,,,,,,,,,,,,760951,
103,新竹市,0,25,,,,,,,,,,,,,,,1036179,
103,新竹縣,0,16,,,,,,,,,,,,,,,900922,
103,桃園市,2,83,,,,,,,,,,,,,,,821381,
103,澎湖縣,0,4,,,,,,,,,,,,,,,543641,
103,臺中市,4,142,,,,,,,,,,,,,,,786285,
103,臺北市,10,263,,,,,,,,,,,,,,,1014262,
103,臺南市,1,86,,,,,,,,,,,,,,,674797,
103,臺東縣,0,15,,,,,,,,,,,,,,,494037,
103,花蓮縣,0,18,,,,,,,,,,,,,,,547353,
103,苗栗縣,1,22,,,,,,,,,,,,,,,649705,
103,連江縣,0,0,,,,,,,,,,,,,,,,
103,金門縣,0,3,,,,,,,,,,,,,,,,
103,雲林縣,1,19,,,,,,,,,,,,,,,518443,
103,高雄市,8,135,,,,,,,,,,,,,,,722305,
104,南投縣,0,19,,,,,,,,,,,,,,,572716,
104,嘉義市,3,26,,,,,,,,,,,,,,,707508,
104,嘉義縣,0,9,,,,,,,,,,,,,,,624427,
104,基隆市,0,11,,,,,,,,,,,,,,,729180,
104,宜蘭縣,0,24,,,,,,,,,,,,,,,839843,
104,屏東縣,1,35,,,,,,,,,,,,,,,576911,
104,彰化縣,2,52,,,,,,,,,,,,,,,586102,
104,新北市,3,98,,,,,,,,,,,,,,,765476,
104,新竹市,0,25,,,,,,,,,,,,,,,971537,
104,新竹縣,1,17,,,,,,,,,,,,,,,841800,
104,桃園市,2,85,,,,,,,,,,,,,,,821563,
104,澎湖縣,0,4,,,,,,,,,,,,,,,466630,
104,臺中市,3,145,,,,,,,,,,,,,,,777046,
104,臺北市,9,272,,,,,,,,,,,,,,,1005898,
104,臺南市,1,87,,,,,,,,,,,,,,,675861,
104,臺東縣,1,16,,,,,,,,,,,,,,,433133,
104,花蓮縣,0,18,,,,,,,,,,,,,,,563001,
104,苗栗縣,1,23,,,,,,,,,,,,,,,639582,
104,連江縣,0,0,,,,,,,,,,,,,,,,
104,金門縣,1,4,,,,,,,,,,,,,,,,
104,雲林縣,0,19,,,,,,,,,,,,,,,528364,
104,高雄市,4,139,,,,,,,,,,,,,,,752712,
105,南投縣,0,19,,,,,,,,,,,,,,,625403,
105,嘉義市,2,28,,,,,,,,,,,,,,,745214,
105,嘉義縣,0,9,,,,,,,,,,,,,,,648026,
105,基隆市,0,11,,,,,,,,,,,,,,,762921,
105,宜蘭縣,0,24,,,,,,,,,,,,,,,736769,
105,屏東縣,0,35,,,,,,,,,,,,,,,629467,
105,彰化縣,2,54,,,,,,,,,,,,,,,603518,
105,新北市,0,98,,,,,,,,,,,,,,,771154,
105,新竹市,0,25,,,,,,,,,,,,,,,1049649,
105,新竹縣,1,18,,,,,,,,,,,,,,,883370,
105,桃園市,6,91,,,,,,,,,,,,,,,831228,
105,澎湖縣,0,4,,,,,,,,,,,,,,,601859,
105,臺中市,11,156,,,,,,,,,,,,,,,769046,
105,臺北市,32,304,,,,,,,,,,,,,,,1025150,
105,臺南市,5,92,,,,,,,,,,,,,,,696425,
105,臺東縣,0,16,,,,,,,,,,,,,,,486046,
105,花蓮縣,2,20,,,,,,,,,,,,,,,562636,
105,苗栗縣,0,23,,,,,,,,,,,,,,,700967,
105,連江縣,0,0,,,,,,,,,,,,,,,,
105,金門縣,0,4,,,,,,,,,,,,,,,,
105,雲林縣,2,21,,,,,,,,,,,,,,,518246,
105,高雄市,7,146,,,,,,,,,,,,,,,786097,
106,南投縣,1,20,,,,,,,,,,,,,,,614176,
106,嘉義市,1,29,,,,,,,,,,,,,,,736330,
106,嘉義縣,0,9,,,,,,,,,,,,,,,638422,
106,基隆市,1,12,,,,,,,,,,,,,,,777924,
106,宜蘭縣,1,25,,,,,,,,,,,,,,,755648,
106,屏東縣,0,35,,,,,,,,,,,,,,,648324,
106,彰化縣,0,54,,,,,,,,,,,,,,,621736,
106,新北市,4,102,,,,,,,,,,,,,,,823461,
106,新竹市,0,25,,,,,,,,,,,,,,,953074,
106,新竹縣,2,20,,,,,,,,,,,,,,,1014464,
106,桃園市,1,92,,,,,,,,,,,,,,,879508,
106,澎湖縣,0,4,,,,,,,,,,,,,,,503857,
106,臺中市,9,165,,,,,,,,,,,,,,,849155,
106,臺北市,22,326,,,,,,,,,,,,,,,1080904,
106,臺南市,6,98,,,,,,,,,,,,,,,707495,
106,臺東縣,0,16,,,,,,,,,,,,,,,519259,
106,花蓮縣,1,21,,,,,,,,,,,,,,,586240,
106,苗栗縣,0,23,,,,,,,,,,,,,,,653494,
106,連江縣,0,0,,,,,,,,,,,,,,,,
106,金門縣,0,4,,,,,,,,,,,,,,,,
106,雲林縣,1,22,,,,,,,,,,,,,,,565062,
106,高雄市,3,149,,,,,,,,,,,,,,,795624,
107,南投縣,0,20,,,,,,,,,,,,,,,592938,
107,嘉義市,2,31,,,,,,,,,,,,,,,713443,
107,嘉義縣,0,9,,,,,,,,,,,,,,,629287,
107,基隆市,0,12,,,,,,,,,,,,,,,748209,
107,宜蘭縣,0,25,,,,,,,,,,,,,,,721622,
107,屏東縣,0,35,,,,,,,,,,,,,,,645897,
107,彰化縣,0,54,,,,,,,,,,,,,,,596383,
107,新北市,0,102,,,,,,,,,,,,,,,820520,
107,新竹市,1,26,,,,,,,,,,,,,,,956393,
107,新竹縣,0,20,,,,,,,,,,,,,,,945759,
107,桃園市,2,94,,,,,,,,,,,,,,,901666,
107,澎湖縣,0,4,,,,,,,,,,,,,,,541139,
107,臺中市,6,171,,,,,,,,,,,,,,,865525,
107,臺北市,11,337,,,,,,,,,,,,,,,1082626,
107,臺南市,3,101,,,,,,,,,,,,,,,717367,
107,臺東縣,0,16,,,,,,,,,,,,,,,534302,
107,花蓮縣,0,21,,,,,,,,,,,,,,,613314,
107,苗栗縣,0,23,,,,,,,,,,,,,,,640257,
107,連江縣,0,0,,,,,,,,,,,,,,,,
107,金門縣,0,4,,,,,,,,,,,,,,,,
107,雲林縣,0,22,,,,,,,,,,,,,,,556969,
107,高雄市,5,154,,,,,,,,,,,,,,,793253,
108,南投縣,0,20,,,,,,,,,,,,,,,606254,
108,嘉義市,0,31,,,,,,,,,,,,,,,753030,
108,嘉義縣,0,9,,,,,,,,,,,,,,,586853,
108,基隆市,0,12,,,,,,,,,,,,,,,779555,
108,宜蘭縣,0,25,,,,,,,,,,,,,,,771019,
108,屏東縣,1,36,,,,,,,,,,,,,,,632721,
108,彰化縣,0,54,,,,,,,,,,,,,,,628479,
108,新北市,2,104,,,,,,,,,,,,,,,810975,
108,新竹市,1,27,,,,,,,,,,,,,,,1018975,
108,新竹縣,0,20,,,,,,,,,,,,,,,1006874,
108,桃園市,2,96,,,,,,,,,,,,,,,853095,
108,澎湖縣,0,4,,,,,,,,,,,,,,,589135,
108,臺中市,1,172,,,,,,,,,,,,,,,894519,
108,臺北市,9,346,,,,,,,,,,,,,,,1152501,
108,臺南市,5,106,,,,,,,,,,,,,,,714445,
108,臺東縣,0,16,,,,,,,,,,,,,,,525790,
108,花蓮縣,0,21,,,,,,,,,,,,,,,603636,
108,苗栗縣,0,23,,,,,,,,,,,,,,,639221,
108,連江縣,0,0,,,,,,,,,,,,,,,,
108,金門縣,0,4,,,,,,,,,,,,,,,,
108,雲林縣,1,23,,,,,,,,,,,,,,,602116,
108,高雄市,5,159,,,,,,,,,,,,,,,842428,
109,南投縣,0,20,490832,4106.436,3142,4737,179592,105001,59419114,119.5,2.733,6.4,9.65,-3.25,565.9,,631895,0.41
109,嘉義市,1,32,266005,60.0256,1426,2098,101155,68158,47821237,4431.5,2.63,5.36,7.89,-2.53,701.6,,745830,1.2
109,嘉義縣,1,10,499481,1903.6367,2922,5426,184641,97700,56641966,262.4,2.705,5.85,10.86,-5.01,579.8,,597640,0.2
109,基隆市,0,12,367577,132.7589,2007,3015,155464,108555,65722471,2768.8,2.364,5.46,8.2,-2.74,605.4,,716855,0.33
109,宜蘭縣,1,26,453087,2143.6251,2854,3886,172570,113550,67401111,211.4,2.626,6.3,8.58,-2.28,593.6,,754386,0.57
109,屏東縣,0,36,812658,2775.6003,4441,8396,291663,165466,93710296,292.8,2.786,5.46,10.33,-4.87,566.3,,670799,0.44
109,彰化縣,0,54,1266670,1074.396,12096,10392,396520,307979,179874773,1179.0,3.194,9.55,8.2,1.35,584.0,,602152,0.43
109,新北市,1,105,4030954,2052.5667,26181,24500,1606814,1201792,871532428,1963.9,2.509,6.49,6.08,0.42,725.2,,791454,0.26
109,新竹市,1,28,451412,104.1526,3583,2603,170944,135998,153546628,4334.1,2.641,7.94,5.77,2.17,1129.0,,955542,0.62
109,新竹縣,1,21,570775,1427.5369,4308,3797,205836,168108,169139995,399.8,2.773,7.55,6.65,0.9,1006.1,,1036565,0.37
109,桃園市,7,103,2268807,1220.954,21444,13180,846169,654699,466827191,1858.2,2.681,9.45,5.81,3.64,713.0,,878957,0.45
109,澎湖縣,0,4,105952,126.8641,996,957,42002,26845,18346671,835.2,2.523,9.4,9.03,0.37,683.4,,582716,0.38
109,臺中市,3,175,2820787,2214.8968,19613,17506,1002890,772563,538365055,1273.6,2.813,6.95,6.21,0.75,696.9,,867844,0.62
109,臺北市,12,358,2602418,271.7997,19029,17212,1061000,873109,933644879,9574.8,2.453,7.31,6.61,0.7,1069.3,,1109351,1.38
109,臺南市,4,110,1874917,2191.6531,10783,15327,703564,479628,328714281,855.5,2.665,5.75,8.17,-2.42,685.4,,711289,0.59
109,臺東縣,0,16,215261,3515.2526,1364,2306,83595,41504,23686874,61.2,2.575,6.34,10.71,-4.38,570.7,,510527,0.74
109,花蓮縣,0,21,324372,4628.5714,2175,3172,127396,76687,44369792,70.1,2.546,6.71,9.78,-3.07,578.6,,602175,0.65
109,苗栗縣,0,23,542590,1820.3149,2795,5010,193354,145922,92201044,298.1,2.806,5.15,9.23,-4.08,631.9,,679104,0.42
109,連江縣,0,0,13279,28.8,117,71,3388,4679,3640815,461.1,3.919,8.81,5.35,3.46,778.1,,,0.0
109,金門縣,0,4,140597,151.656,1035,769,41789,42938,30727404,927.1,3.364,7.36,5.47,1.89,715.6,,,0.28
109,雲林縣,1,24,676873,1290.8326,4009,7084,243987,138512,84658775,524.4,2.774,5.92,10.47,-4.54,611.2,,624843,0.35
109,高雄市,5,164,2765932,2951.8524,18929,21712,1119481,738896,498920475,937.0,2.471,6.84,7.85,-1.01,675.2,,805946,0.59
110,南投縣,3,23,484897,4106.436,2839,5107,179815,103368,60147467,118.1,2.697,5.85,10.53,-4.68,581.9,,618074,0.47
110,嘉義市,0,32,264727,60.0256,1373,2073,101804,68205,48874780,4410.2,2.6,5.19,7.83,-2.64,716.6,,759841,1.21
110,嘉義縣,1,11,493316,1903.6367,2665,5772,185112,96978,57711878,259.1,2.665,5.4,11.7,-6.3,595.1,,599390,0.22
110,基隆市,1,13,363977,132.7589,1820,3245,156056,107463,68170155,2741.6,2.332,5.0,8.92,-3.92,634.4,,725102,0.36
110,宜蘭縣,1,27,450692,2143.6251,2820,4139,174178,112685,69481749,210.2,2.588,6.26,9.18,-2.93,616.6,,771878,0.6
110,屏東縣,2,38,804440,2775.6003,4158,8577,293260,163378,95560645,289.8,2.743,5.17,10.66,-5.49,584.9,,646958,0.47
110,彰化縣,2,56,1255330,1074.396,11388,10849,399199,304356,186770590,1168.4,3.145,9.07,8.64,0.43,613.7,,654340,0.45
110,新北市,5,110,4008113,2052.5667,24228,27064,1620906,1201719,922090331,1952.7,2.473,6.04,6.75,-0.71,767.3,,814953,0.27
110,新竹市,1,29,452640,104.1526,3451,2740,174055,137503,177089453,4345.9,2.601,7.62,6.05,1.57,1287.9,,1000176,0.64
110,新竹縣,1,22,575580,1427.5369,4220,3960,210715,170405,196282010,403.2,2.732,7.33,6.88,0.45,1151.9,,1069700,0.38
110,桃園市,3,106,2272391,1220.954,20210,14158,862142,659639,499892223,1861.2,2.636,8.89,6.23,2.66,757.8,,862861,0.47
110,澎湖縣,0,4,106340,126.8641,907,991,42427,27253,18622465,838.2,2.506,8.53,9.32,-0.79,683.3,,498437,0.38
110,臺中市,4,179,2813490,2214.8968,18304,18446,1017329,775577,570225837,1270.3,2.766,6.51,6.56,-0.05,735.2,,868111,0.64
110,臺北市,12,370,2524393,271.7997,16695,18623,1052596,857813,963577700,9287.7,2.398,6.61,7.38,-0.76,1123.3,,1066065,1.47
110,臺南市,6,116,1862059,2191.6531,9634,15919,709926,479951,350253628,849.6,2.623,5.17,8.55,-3.38,729.8,,709486,0.62
110,臺東縣,3,19,213386,3515.2526,1316,2406,84040,41013,23811119,60.7,2.539,6.17,11.28,-5.11,580.6,,577370,0.89
110,花蓮縣,0,21,321358,4628.5714,2116,3229,127928,75104,44602086,69.4,2.512,6.58,10.05,-3.46,593.9,,603532,0.65
110,苗栗縣,0,23,538178,1820.3149,2652,5356,195340,145448,99450675,295.7,2.755,4.93,9.95,-5.02,683.8,,694248,0.43
110,連江縣,0,0,13645,28.8,113,69,3529,4804,3794330,473.8,3.867,8.28,5.06,3.22,789.8,,,0.0
110,金門縣,0,4,141539,151.656,1029,747,42636,43578,32139402,933.3,3.32,7.27,5.28,1.99,737.5,,,0.28
110,雲林縣,1,25,670132,1290.8326,3830,7336,244779,136882,86141005,519.1,2.738,5.72,10.95,-5.23,629.3,,612098,0.37
110,高雄市,8,172,2744691,2951.8524,18052,22926,1128808,735567,522449844,929.8,2.431,6.58,8.35,-1.78,710.3,,799016,0.63
111,南投縣,0,23,479595,4106.436,2431,5837,179907,106081,66999681,116.8,2.666,5.07,12.17,-7.1,631.6,,665174,0.48
111,嘉義市,0,32,262924,60.0256,1202,2374,102340,70110,55485610,4380.2,2.569,4.57,9.03,-4.46,791.4,,731351,1.22
111,嘉義縣,1,12,488158,1903.6367,2272,6484,185398,99658,65357592,256.4,2.633,4.65,13.28,-8.63,655.8,,571503,0.25
111,基隆市,0,13,361526,132.7589,1607,3798,157172,109706,76490570,2723.2,2.3,4.45,10.51,-6.06,697.2,,728266,0.36
111,宜蘭縣,0,27,449062,2143.6251,2378,4629,176074,116368,78729770,209.5,2.55,5.3,10.31,-5.01,676.6,,763549,0.6
111,屏東縣,1,39,798703,2775.6003,3749,9658,295132,167762,107434063,287.8,2.706,4.69,12.09,-7.4,640.4,,694855,0.49
111,彰化縣,1,57,1245239,1074.396,10106,12567,402420,313183,210958077,1159.0,3.094,8.12,10.09,-1.98,673.6,,642328,0.46
111,新北市,1,111,3995551,2052.5667,21557,30533,1638908,1239736,1052405127,1946.6,2.438,5.4,7.64,-2.25,848.9,,834596,0.28
111,新竹市,0,29,452473,104.1526,3052,3063,175991,141372,212853315,4344.3,2.571,6.75,6.77,-0.02,1505.6,,1058294,0.64
111,新竹縣,0,22,580503,1427.5369,4101,4582,215177,177497,238169573,406.6,2.698,7.06,7.89,-0.83,1341.8,,972903,0.38
111,桃園市,0,106,2281464,1220.954,18205,15791,878466,686278,574999428,1868.6,2.597,7.98,6.92,1.06,837.9,,888147,0.46
111,澎湖縣,0,4,107223,126.8641,841,1069,42840,28375,20845982,845.2,2.503,7.84,9.97,-2.13,734.7,,538430,0.37
111,臺中市,4,183,2814459,2214.8968,17880,20750,1033821,803316,652224170,1270.7,2.722,6.35,7.37,-1.02,811.9,,896252,0.65
111,臺北市,5,375,2480681,271.7997,14528,20783,1050981,866605,1089653150,9126.9,2.36,5.86,8.38,-2.52,1257.4,,1096896,1.51
111,臺南市,0,116,1852997,2191.6531,8914,17908,716543,494022,402793869,845.5,2.586,4.81,9.66,-4.85,815.3,,726637,0.63
111,臺東縣,0,19,212551,3515.2526,1405,2669,84259,42200,26241229,60.5,2.523,6.61,12.56,-5.95,621.8,,564660,0.89
111,花蓮縣,0,21,318892,4628.5714,2033,3731,128185,76611,49126404,68.9,2.488,6.38,11.7,-5.32,641.2,,570809,0.66
111,苗栗縣,1,24,535132,1820.3149,2293,5984,197025,148881,114908944,294.0,2.716,4.28,11.18,-6.9,771.8,,679660,0.45
111,連江縣,0,0,13983,28.8,104,79,3630,5063,4194805,485.5,3.852,7.44,5.65,1.79,828.5,,,0.0
111,金門縣,0,4,141295,151.656,855,900,42999,45209,36125362,931.7,3.286,6.05,6.37,-0.32,799.1,,,0.28
111,雲林縣,0,25,664092,1290.8326,3340,8579,245397,141865,98211312,514.5,2.706,5.03,12.92,-7.89,692.3,,609404,0.38
111,高雄市,1,173,2728137,2951.8524,16133,25462,1136785,755197,602340097,924.2,2.4,5.91,9.33,-3.42,797.6,,849073,0.63
112,南投縣,0,23,477094,4106.436,2417,5535,180637,109675,70222818,116.2,2.641,5.07,11.6,-6.54,640.3,,622161,0.48
112,嘉義市,0,32,263584,60.0256,1211,2373,103384,72742,58061881,4391.2,2.55,4.59,9.0,-4.41,798.2,,878567,1.21
112,嘉義縣,0,12,484560,1903.6367,2360,6302,186431,104120,67945979,254.5,2.599,4.87,13.01,-8.14,652.6,,593937,0.25
112,基隆市,1,14,362255,132.7589,1352,3695,159249,112939,80006378,2728.7,2.275,3.73,10.2,-6.47,708.4,,776450,0.39
112,宜蘭縣,2,29,449890,2143.6251,2405,4540,178652,121303,83946848,209.9,2.518,5.35,10.09,-4.75,692.0,,754252,0.64
112,屏東縣,1,40,794997,2775.6003,4260,9537,297813,174493,110652891,286.4,2.669,5.36,12.0,-6.64,634.1,,707406,0.5
112,彰化縣,1,58,1239048,1074.396,9808,12361,406385,322289,219653013,1153.3,3.049,7.92,9.98,-2.06,681.5,,680613,0.47
112,新北市,2,113,4041120,2052.5667,18463,29958,1671070,1288679,1114977549,1968.8,2.418,4.57,7.41,-2.84,865.2,,856016,0.28
112,新竹市,0,29,456475,104.1526,2767,3091,179332,146362,223056186,4382.8,2.545,6.06,6.77,-0.71,1524.0,,1082394,0.64
112,新竹縣,0,22,589289,1427.5369,3978,4504,220893,184891,249977247,412.8,2.668,6.75,7.64,-0.89,1352.0,,1068366,0.37
112,桃園市,2,108,2317445,1220.954,17910,16103,903481,717844,613063925,1898.1,2.565,7.73,6.95,0.78,854.0,,917541,0.47
112,澎湖縣,0,4,107739,126.8641,767,1135,43235,29562,21949263,849.2,2.492,7.12,10.53,-3.42,742.5,,608998,0.37
112,臺中市,5,188,2845909,2214.8968,17035,20784,1059625,840268,695569402,1284.9,2.686,5.99,7.3,-1.32,827.8,,915474,0.66
112,臺北市,15,390,2511886,271.7997,16027,20357,1065032,881146,1135429750,9241.7,2.359,6.38,8.1,-1.72,1288.6,,1093880,1.55
112,臺南市,3,119,1859946,2191.6531,9351,17928,727137,514299,428455308,848.6,2.558,5.03,9.64,-4.61,833.1,,764141,0.64
112,臺東縣,0,19,211544,3515.2526,1468,2647,84665,44279,27635557,60.2,2.499,6.94,12.51,-5.57,624.1,,614099,0.9
112,花蓮縣,1,22,317489,4628.5714,1861,3708,128875,79378,51487182,68.6,2.464,5.86,11.68,-5.82,648.6,,608421,0.69
112,苗栗縣,1,25,534575,1820.3149,2296,6014,199642,153496,120343859,293.7,2.678,4.3,11.25,-6.96,784.0,,761671,0.47
112,連江縣,0,0,14039,28.8,103,73,3707,5252,4359656,487.5,3.787,7.34,5.2,2.14,830.1,,,0.0
112,金門縣,0,4,144149,151.656,721,976,43829,47095,38121863,950.5,3.289,5.0,6.77,-1.77,809.5,,,0.28
112,雲林縣,1,26,659468,1290.8326,3206,8171,246974,148042,103090259,510.9,2.67,4.86,12.39,-7.53,696.4,,637551,0.39
112,高雄市,2,175,2737941,2952.1226,15805,25576,1150775,782729,618345677,927.4,2.379,5.77,9.34,-3.57,790.0,,880662,0.64
113,南投縣,0,23,472299,4106.436,2413,5411,184093,,,115.0,2.566,5.11,11.46,-6.35,,,600709,0.49
113,嘉義市,2,34,262177,60.0256,1118,2407,105407,,,4367.8,2.487,4.26,9.18,-4.92,,,928867,1.3
113,嘉義縣,0,12,478786,1903.6367,2191,6406,189096,,,251.5,2.532,4.58,13.38,-8.8,,,667369,0.25
113,基隆市,0,14,361441,132.7589,1337,3613,162896,,,2722.5,2.219,3.7,10.0,-6.3,,,723538,0.39
113,宜蘭縣,1,30,449212,2143.6251,2443,4460,183842,,,209.6,2.443,5.44,9.93,-4.49,,,772616,0.67
113,屏東縣,5,45,789239,2775.6003,4407,9263,303781,,,284.3,2.598,5.58,11.74,-6.15,,,731275,0.57
113,彰化縣,3,61,1225675,1074.396,8945,11793,420864,,,1140.8,2.912,7.3,9.62,-2.32,,,680430,0.5
113,新北市,2,115,4047001,2052.5667,16310,,1717096,,,1971.7,2.357,4.03,,,,,909382,0.28
113,新竹市,0,29,457242,104.1526,3025,2967,183977,,,4390.1,2.485,6.62,6.49,0.13,,,1094975,0.63
113,新竹縣,1,23,594641,1427.5369,3712,4440,230101,,,416.6,2.584,6.24,7.47,-1.22,,,1130910,0.39
113,桃園市,4,112,2338648,1220.954,16972,15995,938118,,,1915.4,2.493,7.26,6.84,0.42,,,922775,0.48
113,澎湖縣,0,4,107901,126.8641,781,1041,43918,,,850.5,2.457,7.24,9.65,-2.41,,,537812,0.37
113,臺中市,10,198,2860601,2214.8968,16112,20569,1108045,,,1291.5,2.582,5.63,7.19,-1.56,,,973022,0.69
113,臺北市,10,400,2490869,271.7997,17122,19734,1071493,,,9164.4,2.325,6.87,7.92,-1.05,,,1136637,1.61
113,臺南市,3,122,1858651,2191.6531,9069,17407,746132,,,848.1,2.491,4.88,9.37,-4.49,,,776782,0.66
113,臺東縣,0,19,210219,3515.2526,1559,2527,85885,,,59.8,2.448,7.42,12.02,-4.6,,,561103,0.9
113,花蓮縣,0,22,315374,4628.5714,1762,3700,130490,,,68.1,2.417,5.59,11.73,-6.15,,,630082,0.7
113,苗栗縣,1,26,532854,1820.3149,2348,5680,204757,,,292.7,2.602,4.41,10.66,-6.25,,,790033,0.49
113,連江縣,0,0,13950,28.8,109,75,3896,,,484.4,3.581,7.81,5.38,2.44,,,,0.0
113,金門縣,0,4,143601,151.656,707,919,44975,,,946.9,3.193,4.92,6.4,-1.48,,,,0.28
113,雲林縣,3,29,658427,1290.8326,6923,8138,253144,,,510.1,2.601,10.51,12.36,-1.85,,,671112,0.44
113,高雄市,9,184,2731412,2952.1226,15491,25349,1174755,,,925.2,2.325,5.67,9.28,-3.61,,,878620,0.67
